"category","content","option1","option2","option3","option4","answer","explanation","","","","","","","","","","","","","","","","","","","","","","","","","","","","","","","","","","","","","","","","","",""
"諺","この諺「高根の花」の正しい読み方はどれですか？","たかねのはな","たかねのは","たかねのはね","たかかのはな","1","「高根の花」字面意思為高山之花，指難以接近或得到的對象。例句「彼女は人気歌手で、まるで高根の花だ」意指她像高山上的花朵一樣難以接近和獲得。","","","","","","","","","","","","","","","","","","","","","","","","","","","","","","","","","","","","","","","","","",""
"諺","彼女は人気歌手で、まるで（　）だ","高根の花","高木の花","高音の花","高価の花","1","例句中「高根の花」比喻難以得到的對象，填入正確選項才能保持原意。","","","","","","","","","","","","","","","","","","","","","","","","","","","","","","","","","","","","","","","","","",""
"諺","「宝の持ちぐされ」の読みはどれですか？","たからのもちぐされ","たからのもちくらし","ほうのもちぐされ","たからのもちぐらし","1","「宝の持ちぐされ」字面含義為持有寶物卻被浪費，比喻擁有才能或資源而不加利用。","","","","","","","","","","","","","","","","","","","","","","","","","","","","","","","","","","","","","","","","","",""
"諺","優秀なのに努力をしないのは、まさに（　）だ","宝の持ちぐされ","宝のもちぐされ","宝の持ち暮らし","宝のもてぐされ","1","例句說明擁有優秀資源卻不努力，用該諺語描述最貼切。","","","","","","","","","","","","","","","","","","","","","","","","","","","","","","","","","","","","","","","","","",""
"諺","「他山の石」の正しい読み方はどれですか？","たざんのいし","たさんのいし","たやまのいし","たやまのせき","1","「他山の石」原意為他山採得的石頭，比喻借助他人的長處來改善自己。例句指應從別人的失敗中學習。","","","","","","","","","","","","","","","","","","","","","","","","","","","","","","","","","","","","","","","","","",""
"諺","彼の失敗は（　）として学ぶべきだ","他山の石","他山の石材","他山の川","他地の石","1","此諺語表示應該從他人錯誤中學習，填入正確選項才能完整句意。","","","","","","","","","","","","","","","","","","","","","","","","","","","","","","","","","","","","","","","","","",""
"諺","「立つ瀬がない」の正しい読みはどれ？","たつせがない","たつせきがない","たつせかない","たつせがあない","1","「立つ瀬がない」表示無法立足或面對他人，多因為情況難堪。例句指他因債務而處處受限。","","","","","","","","","","","","","","","","","","","","","","","","","","","","","","","","","","","","","","","","","",""
"諺","彼は借金で（　）状態だ","立つ瀬がない","立つ余地がない","立つ場がない","立つ席がない","1","例句說明因債務影響社會地位，填入諺語保持句意完整。","","","","","","","","","","","","","","","","","","","","","","","","","","","","","","","","","","","","","","","","","",""
"諺","「立つ鳥あとを濁さず」の正しい読み方は？","たつとりあとをにごさず","たつとりあとをにごさずう","たちとりあとをにごさず","たつとりあとをにごさずる","1","「立つ鳥あとを濁さず」比喻離開時不留惡跡，乾淨利落。例句指離職時沒有留下問題。","","","","","","","","","","","","","","","","","","","","","","","","","","","","","","","","","","","","","","","","","",""
"諺","退職する際は（　）で去った","立つ鳥あとを濁さず","立つ鳥あとを清らかに","立つ鳥あとを曇らせず","立つ鳥あとを残さず","1","例句說明離職不留問題，選擇正確諺語最合適。","","","","","","","","","","","","","","","","","","","","","","","","","","","","","","","","","","","","","","","","","",""
"諺","「伊達の薄着」的正確讀音是？","だてのうすぎ","いだてのうすぎ","だてのうすぎい","だてのはくちゃく","1","本諺語正確讀音為「だてのうすぎ」，表示表面華麗但內裡薄弱。","","","","","","","","","","","","","","","","","","","","","","","","","","","","","","","","","","","","","","","","","",""
"諺","彼は（　）で自分を大きく見せようとしている。","伊達の薄着","伊達の厚着","ただの薄着","伊達の袴","1","句子意為「他靠表面華麗的裝扮來抬高自己」，「伊達の薄着」合適填入。","","","","","","","","","","","","","","","","","","","","","","","","","","","","","","","","","","","","","","","","","",""
"諺","「棚上げ」的正確讀音是？","たなあげ","たなおろし","たなあげし","たなおき","1","本諺語正確讀音為「たなあげ」，意指暫時擱置問題。","","","","","","","","","","","","","","","","","","","","","","","","","","","","","","","","","","","","","","","","","",""
"諺","議論は難航し、結局（　）にされた。","棚下げ","棚上げ","棚降ろし","棚積み","2","例句「討論陷入僵局，最後被暫時擱置」，故選「棚上げ」。","","","","","","","","","","","","","","","","","","","","","","","","","","","","","","","","","","","","","","","","","",""
"諺","努力しなければ、才能は玉みがかざれば光なしだ","「玉みがかざれば光なし」的正確讀音是？","たまみがかざればひかりなし","たまみがかざればひかりず","たまみがけざればひかりなし","たまみがけばかざればひかりなし","1","","","","","","","","","","","","","","","","","","","","","","","","","","","","","","","","","","","","","","","","","",""
"諺","正確讀音為「たまみがかざればひかりなし」，意指人才須經打磨才能發光。","努力しなければ、才能は（　）だ。","玉みがかざれば光なし","玉なくして光なし","玉がなければ光なし","玉みがきなし","1","","","","","","","","","","","","","","","","","","","","","","","","","","","","","","","","","","","","","","","","","",""
"諺","「たもとを分かつ」的正確讀音是？","たもとをわかつ","たもとをわかる","たもとをわく","たもとをわける","1","正確讀音為「たもとをわかつ」，含義是分離、決裂。","","","","","","","","","","","","","","","","","","","","","","","","","","","","","","","","","","","","","","","","","",""
"諺","夫婦（　）こともある。","たもとを繋ぐ","たもとを分かつ","たもとを縫う","たもとを寄せる","2","句意為「夫妻有時也會斷絕關係」，應填「たもとを分かつ」。","","","","","","","","","","","","","","","","","","","","","","","","","","","","","","","","","","","","","","","","","",""
"諺","「単刀直入」的正確讀音是？","たんとうちょくにゅう","たんとうちょくにゅ","たんとうちょくにゅ","たんとうじきにゅう","1","正確讀音為「たんとうちょくにゅう」，意指直接切入重點。","","","","","","","","","","","","","","","","","","","","","","","","","","","","","","","","","","","","","","","","","",""
"諺","（　）に言うと、君には向いていない。","単刀直入","単刀直出","単刀直暮","単刀直退","1","句意為「坦率地說，你不適合」，故填「単刀直入」。","","","","","","","","","","","","","","","","","","","","","","","","","","","","","","","","","","","","","","","","","",""
"諺","讀音題：諺語「竹馬の友」的讀音是？","ちくばのとも","たけうまのとも","ちくまのとも","たけうまのゆう","1","本諺語的正確讀音是「ちくばのとも」，意指青梅竹馬，強調孩提時期的友誼。","","","","","","","","","","","","","","","","","","","","","","","","","","","","","","","","","","","","","","","","","",""
"諺","填空題：「彼とは幼い頃からの（　）だ。」","友達","家族","竹馬の友","恩師","3","「竹馬の友」指從小一起長大的朋友，例句翻譯為「他是我從小一起玩的青梅竹馬朋友。」","","","","","","","","","","","","","","","","","","","","","","","","","","","","","","","","","","","","","","","","","",""
"諺","讀音題：「血も涙もない」的正確讀音是？","ちもなみだもない","ちもるいもない","ちもなだもない","けつもるいもない","1","正確讀音是「ちもなみだもない」，意指毫無同情心，非常冷酷。","","","","","","","","","","","","","","","","","","","","","","","","","","","","","","","","","","","","","","","","","",""
"諺","填空題：「あの上司は（　）態度だ。」","優しい","血も涙もない","親切な","暖かい","2","「血も涙もない」表示非常無情，例句翻譯為「那位上司態度冷酷無情。」","","","","","","","","","","","","","","","","","","","","","","","","","","","","","","","","","","","","","","","","","",""
"諺","讀音題：「忠言耳に逆らう」的讀音是？","ちゅうげんみみにさからう","ちゅうげんみみにさくろう","ちゅうげみにさからう","ちゅうげんみみにさかろう","1","正確讀音為「ちゅうげんみみにさからう」，意指忠告往往會讓人不舒服。","","","","","","","","","","","","","","","","","","","","","","","","","","","","","","","","","","","","","","","","","",""
"諺","填空題：「（　）こともあるが大切だ。」","忠言耳に逆らう","忠言耳に響く","忠言耳に聞く","忠言耳に従う","1","諺語意為忠告即使讓人不悅也很重要，例句為「雖然有時不願聽忠告，但它是重要的。」","","","","","","","","","","","","","","","","","","","","","","","","","","","","","","","","","","","","","","","","","",""
"諺","讀音題：「朝三暮四」的讀音是？","ちょうさんぼし","あささんぼし","ちょうさんもい","あさみぼし","1","正確讀音為「ちょうさんぼし」，意指像朝令暮改般反覆無常。","","","","","","","","","","","","","","","","","","","","","","","","","","","","","","","","","","","","","","","","","",""
"諺","填空題：「彼の計画は（　）で信用できない。」","朝三暮四","朝令暮改","朝飯前","日進月歩","1","「朝三暮四」指計畫反覆改變，例句翻譯為「他的計劃朝令暮改，無法令人信賴。」","","","","","","","","","","","","","","","","","","","","","","","","","","","","","","","","","","","","","","","","","",""
"諺","讀音題：「長所は短所」的讀音是？","ちょうしょはたんしょ","ちょうところはたんしょ","ちょうしょはたんじょ","ちょうころはたんじょ","1","正確讀音為「ちょうしょはたんしょ」，意指優點與缺點互相依存。","","","","","","","","","","","","","","","","","","","","","","","","","","","","","","","","","","","","","","","","","",""
"諺","填空題：「彼の（　）でもある。」","長所は短所","短所は長所","長所は長所","短所は短所","1","諺語說明優點同時可能是缺點，例句翻譯為「他的優點同時也是缺點。」","","","","","","","","","","","","","","","","","","","","","","","","","","","","","","","","","","","","","","","","","",""
"諺","「ちりも積もれば山となる」這句話的正確讀音是哪一個？","ちりもつもればやまとなる","ちりもつもればやまとなる","ちりもつもればやまとなる","ちりもつもればやまとなる","1","正確讀音為「ちりもつもればやまとなる」，表示積少成多，鼓勵積累微小的努力。","","","","","","","","","","","","","","","","","","","","","","","","","","","","","","","","","","","","","","","","","",""
"諺","毎日少しずつ（　）しているが、ちりも積もれば山となるということだ。","節約","散財","浪費","借金","1","例句意為「每天少量存錢，也是積少成多的道理」，空格處應填寫與「積累」相關的詞。","","","","","","","","","","","","","","","","","","","","","","","","","","","","","","","","","","","","","","","","","",""
"諺","この諺語「沈黙は金 雄弁は銀」の正しい読み方は？","ちんもくはきん ゆうべんはぎん","ちんもくはぎん ゆうべんはきん","ちんもくはきん ゆうべんしはぎん","ちんもくはきん ゆうべんはぎん","1","正確讀音為「ちんもくはきん ゆうべんはぎん」，意指「沈默比雄辯更珍貴」。","","","","","","","","","","","","","","","","","","","","","","","","","","","","","","","","","","","","","","","","","",""
"諺","会議では時に（　）が重要である。","沈黙は金 雄弁は銀","雄弁は金 沈黙は銀","口は災いの元","沈黙は悪","1","句意為「會議中有時保持沉默很重要」，空格填入原諺語以強調沈默的價值。","","","","","","","","","","","","","","","","","","","","","","","","","","","","","","","","","","","","","","","","","",""
"諺","この諺語「月夜にちょうちん」の正しい読み方はどれ？","つきよにちょうちん","つきよにたきん","つきやにちょうちん","つきよにちょうちん","4","正確讀音為「つきよにちょうちん」，形容本末倒置的行為。","","","","","","","","","","","","","","","","","","","","","","","","","","","","","","","","","","","","","","","","","",""
"諺","夜の月明かりがあるのに、わざわざ（　）を持ち歩くのは無駄だ。","提灯","灯籠","火鉢","蝋燭","2","句意為「月夜還拿著燈籠多餘」，空格應填「灯籠」表示多餘的行為。","","","","","","","","","","","","","","","","","","","","","","","","","","","","","","","","","","","","","","","","","",""
"諺","「つめのあかほど」の正しい読み方は？","つめのあかほど","つめのあかほど","つめのきほど","つまのあかほど","1","正確讀音為「つめのあかほど」，指非常微小或輕微的程度。","","","","","","","","","","","","","","","","","","","","","","","","","","","","","","","","","","","","","","","","","",""
"諺","それは私の力の（　）も及ばない話だ。","つめのあかほど","山のように","すいしょうのように","はなほど","1","例句意味「那不是我力所能及的事情」，空格為「爪的垢一樣微小」，指程度輕微。","","","","","","","","","","","","","","","","","","","","","","","","","","","","","","","","","","","","","","","","","",""
"諺","この諺語「つめのあかをせんじて飲む」の読み方は？","つめのあかをせんじてのむ","つめのあかをぜんじてのむ","つめのあかをせんじでのむ","つめのあかをせんじてのむ","4","正確讀音為「つめのあかをせんじてのむ」，象徵尊敬並學習長輩的優點。","","","","","","","","","","","","","","","","","","","","","","","","","","","","","","","","","","","","","","","","","",""
"諺","彼は師匠の（　）をせんじて飲んでいる。","つめのあか","ふんのあか","ひげのあか","あしのあか","1","例句意為「他虛心學習師傅的優點」，空格填「爪的垢」象徵謙虛學習。","","","","","","","","","","","","","","","","","","","","","","","","","","","","","","","","","","","","","","","","","",""
"諺","「つるの一声」の正しい読みは？","つるのいっせい","つるのひとこえ","つるのいちこえ","つるのひとせい","2","本諺語讀作「つるのひとこえ」，意為上司一句話決定大事，例句「上司のつるの一声で会議の方針が決まった」意為上司一句話決定會議方向。","","","","","","","","","","","","","","","","","","","","","","","","","","","","","","","","","","","","","","","","","",""
"諺","例句：「上司の（　）で会議の方針が決まった。」の（）に入る言葉は何か？","一言","つるの一声","太鼓判","一声","2","本例句意為「上司一句話決定會議方向」，核心詞為「つるの一声」，表示權威一聲令下。","","","","","","","","","","","","","","","","","","","","","","","","","","","","","","","","","","","","","","","","","",""
"諺","「手が足りない」の正しい読みは？","てがあしりない","てがたりない","てがたらない","てがたりない","2","正確讀音為「てがたりない」，意指人手不夠，例句「この仕事は手が足りないので助けてください」表示工作忙需幫助。","","","","","","","","","","","","","","","","","","","","","","","","","","","","","","","","","","","","","","","","","",""
"諺","例句：「この仕事は（　）ので助けてください。」の（）に入る適切な言葉は？","時間がない","人手が足りない","お金がない","力が足りない","2","例句意為「這工作人手不夠請幫忙」，核心詞「手が足りない」表示人手不足。","","","","","","","","","","","","","","","","","","","","","","","","","","","","","","","","","","","","","","","","","",""
"諺","「手が付けられない」の正しい読みは？","てがつけられない","てがづけられない","てがつけられる","てがつけあられない","1","讀音為「てがつけられない」，意指事情混亂無法開始處理，例句意為房間亂到無法整理。","","","","","","","","","","","","","","","","","","","","","","","","","","","","","","","","","","","","","","","","","",""
"諺","例句：「部屋が散らかりすぎていて、（　）。」の（）に入る言葉は？","手が届かない","手が付けられない","手が回らない","手がかりない","2","例句表示房間亂到無法著手整理，核心詞為「手が付けられない」，意指無法處理。","","","","","","","","","","","","","","","","","","","","","","","","","","","","","","","","","","","","","","","","","",""
"諺","「手が出ない」の正しい読みは？","てがでない","てがだない","てがでなう","てがであない","1","正確讀音「てがでない」，意指無力或沒有經濟能力做某事，例句為昂貴手錶買不起。","","","","","","","","","","","","","","","","","","","","","","","","","","","","","","","","","","","","","","","","","",""
"諺","例句：「あの高価な時計は高すぎて、（　）。」の（）に入る言葉は何か？","手が届く","手が出ない","手が回らない","手が足りない","2","例句意指「那隻貴重的錶太貴買不起」，含義為無力施為，核心詞「手が出ない」。","","","","","","","","","","","","","","","","","","","","","","","","","","","","","","","","","","","","","","","","","",""
"諺","「手が届く」の正しい読みは？","てがとどく","てがとどかく","てがとどける","てがとおく","1","正確讀音為「てがとどく」，意指能力或距離能達到，例句為「自己的夢還在可及之處」。","","","","","","","","","","","","","","","","","","","","","","","","","","","","","","","","","","","","","","","","","",""
"諺","例句：「自分の夢はまだ（　）ところにある。」に入る適切な言葉は？","手が届く","手が出ない","手が足りない","手が付けられない","1","例句意指夢想還在伸手可及位置，核心詞為「手が届く」，表示可及範圍。","","","","","","","","","","","","","","","","","","","","","","","","","","","","","","","","","","","","","","","","","",""
"諺","「手が離せない」の正しい読み方は？","てがはなせない","てがはなさない","てがはなせる","てがはなせそう","1","「手が離せない」意指忙得不可分身，例句中的「会議中で手が離せない」意為因為正在開會而忙碌無法接電話。","","","","","","","","","","","","","","","","","","","","","","","","","","","","","","","","","","","","","","","","","",""
"諺","会議中で（　）ので電話に出られません。","手が離せない","手につかない","手に余る","手があく","1","填空題中的「手が離せない」意指忙得不可分身，與例句「會議中因忙碌無法接電話」相符。","","","","","","","","","","","","","","","","","","","","","","","","","","","","","","","","","","","","","","","","","",""
"諺","「鉄は熱いうちに打て」の正しい読み方は？","てつはあついうちにうて","てつはあついおにうて","てつはねついうちにうて","てっはあついうちにうて","1","「鉄は熱いうちに打て」比喻趁熱打鐵，趁著時機未失去快點行動。","","","","","","","","","","","","","","","","","","","","","","","","","","","","","","","","","","","","","","","","","",""
"諺","勉強は（　）と言われるように、若いうちに始めるのが良い。","鉄は熱いうちに打て","手に汗を握る","手に余る","手に付かない","1","填空題中「鉄は熱いうちに打て」意指趁熱打鐵，趁時機適當時抓緊開始，是對例句「年輕時開始學習好」的說明。","","","","","","","","","","","","","","","","","","","","","","","","","","","","","","","","","","","","","","","","","",""
"諺","「手に汗を握る」の正しい読み方は？","てにあせをにぎる","てにあせをもつ","てにあせをふく","てにあせをはなす","1","「手に汗を握る」表示因緊張或激動導致手心出汗，形容心情緊繃。","","","","","","","","","","","","","","","","","","","","","","","","","","","","","","","","","","","","","","","","","",""
"諺","試合を見ていると（　）瞬間が何度もあった。","手に汗を握る","手に付かない","手に余る","手が離せない","1","此例句中「手に汗を握る」描述因看比賽緊張激動，與成語「緊張萬分」相符。","","","","","","","","","","","","","","","","","","","","","","","","","","","","","","","","","","","","","","","","","",""
"諺","「手に余る」の正しい読み方は？","てにあまる","てにあまらない","てにあまれ","てにあまるる","1","「手に余る」指事物難以應付，超出自己能力範圍。","","","","","","","","","","","","","","","","","","","","","","","","","","","","","","","","","","","","","","","","","",""
"諺","この仕事は私には（　）ので、上司に相談します。","手に余る","手に付かない","手に汗を握る","手が離せない","1","本例句利用「手に余る」表達工作超出能力範圍，要向上司求助，符合中文「力有未逮」。","","","","","","","","","","","","","","","","","","","","","","","","","","","","","","","","","","","","","","","","","",""
"諺","「手に付かない」の正しい読み方は？","てにつかない","てにつかなない","てにふかない","てにつくない","1","「手に付かない」意指因心煩意亂而無法專心處理事情。","","","","","","","","","","","","","","","","","","","","","","","","","","","","","","","","","","","","","","","","","",""
"諺","悩みが多くて、勉強が（　）。","手に付かない","手に余る","手に汗を握る","手が離せない","1","例句中「勉強が手に付かない」描述心情焦慮，學習無法集中，符合「無法專心」的中文成語。","","","","","","","","","","","","","","","","","","","","","","","","","","","","","","","","","","","","","","","","","",""
"諺","「手の裏を返す」的讀音是哪一項？","てのうらをかえす","てのうらをかえる","てのうらをかえし","てのうらをかえなす","1","本諺語中「返す」讀作「かえす」，表示翻轉之意。例句意為「他突然改變態度，對我變得冷淡」","","","","","","","","","","","","","","","","","","","","","","","","","","","","","","","","","","","","","","","","","",""
"諺","彼は急に（　）して、私に冷たくなった。","手の表を返す","手の裏を返す","手の外を返す","手の中を返す","2","本句為「他突然改變態度，對我變得冷淡」的表達，「手の裏を返す」意為態度180度轉變，故選2正確。","","","","","","","","","","","","","","","","","","","","","","","","","","","","","","","","","","","","","","","","","",""
"諺","「手前みそ」的讀音是？","てまえみそ","てまえみじょ","てまえばそ","てまえみそじ","1","「手前みそ」正確讀音為「てまえみそ」，意指自我誇耀","","","","","","","","","","","","","","","","","","","","","","","","","","","","","","","","","","","","","","","","","",""
"諺","彼はいつも（　）の話ばかりしている。","他人の話","手前みその話","自慢話","謙遜話","2","例句表示「他總是在講自吹自擂的話」，「手前みそ」指自我誇耀，故選2正確。","","","","","","","","","","","","","","","","","","","","","","","","","","","","","","","","","","","","","","","","","",""
"諺","「出るくいは打たれる」的正確讀音是？","でるくいはうたれる","でるくいはうたれん","でるくいはうたれり","でるくいあうたれる","1","「出るくいは打たれる」正確讀音為「でるくいはうたれる」，意指突出者容易受打擊","","","","","","","","","","","","","","","","","","","","","","","","","","","","","","","","","","","","","","","","","",""
"諺","いつも（　）ので、控えめにしている。","出るくいは打たれる","出る杭は打たれぬ","隠れる杭は打たれる","出る杭は打たれない","1","例句意為「因為出頭鳥容易被打擊，所以我保持低調」，故選1正確。","","","","","","","","","","","","","","","","","","","","","","","","","","","","","","","","","","","","","","","","","",""
"諺","「手を打つ」哪個是正確讀音？","てをうつ","てをだつ","てをなす","てをうつす","1","「手を打つ」正確讀音為「てをうつ」，意指採取行動或對策","","","","","","","","","","","","","","","","","","","","","","","","","","","","","","","","","","","","","","","","","",""
"諺","問題が起きたので、早急に（　）。","手を打った","手を動かした","手を振った","手を伸ばした","1","例句「因為發生問題，所以迅速採取了措施」，故選1正確。","","","","","","","","","","","","","","","","","","","","","","","","","","","","","","","","","","","","","","","","","",""
"諺","「手を切る」的正確讀音是？","てをきる","てをぎる","てをきろ","てをこる","1","「手を切る」正確讀音為「てをきる」，意指斷絕關係","","","","","","","","","","","","","","","","","","","","","","","","","","","","","","","","","","","","","","","","","",""
"諺","彼とはもう（　）から、これ以上関わりたくない。","手を握った","手を繋いだ","手を切った","手を振った","3","例句表示「我已經與他斷絕關係，不想再有任何牽連」，故選3正確。","","","","","","","","","","","","","","","","","","","","","","","","","","","","","","","","","","","","","","","","","",""
"諺","「手を抜く」的正確讀音是哪一個？","てをぬく","てをぬけ","てをぬる","てをぬき","1","本諺語正確讀音為「てをぬく」，意指做事偷工減料或不努力。例句中「彼は仕事で手を抜く」即指他在工作上敷衍了事。","","","","","","","","","","","","","","","","","","","","","","","","","","","","","","","","","","","","","","","","","",""
"諺","彼は仕事で（　）ことが多いので、信頼されていない。","手を抜く","手を焼く","頭角を現す","天をつく","1","填空題關鍵詞為「手を抜く」，意指做事不認真。例句與中文解釋相符，選擇「手を抜く」最符合語境。","","","","","","","","","","","","","","","","","","","","","","","","","","","","","","","","","","","","","","","","","",""
"諺","「手を焼く」的正確讀音是？","てをやく","てをやけ","てをやくう","てをやける","1","本諺語讀作「てをやく」，原指燙傷手，比喻面對難纏的人或事感到苦惱。例句「子供のわがままに手を焼いている」即表示難以應付孩子的任性。","","","","","","","","","","","","","","","","","","","","","","","","","","","","","","","","","","","","","","","","","",""
"諺","子供のわがままに（　）いる。","手を抜く","手を焼く","燈台もと暗し","頭角を現す","2","填空題核心為「手を焼く」，指難以應付。例句中人物因孩子的任性而感到棘手。","","","","","","","","","","","","","","","","","","","","","","","","","","","","","","","","","","","","","","","","","",""
"諺","「天をつく」正確讀音為何？","てんをつく","てんをつけ","てんをつくる","てんをつける","1","本諺語讀作「てんをつく」，形容極高的高度或程度。例句中形容山峰高聳入雲。","","","","","","","","","","","","","","","","","","","","","","","","","","","","","","","","","","","","","","","","","",""
"諺","その山の峰は（　）高さだ。","天をつく","手を抜く","手を焼く","頭角を現す","1","填空題關鍵語為「天をつく」，意指極高。例句用於形容山峰極高，符合語境。","","","","","","","","","","","","","","","","","","","","","","","","","","","","","","","","","","","","","","","","","",""
"諺","「頭角を現す」的正確讀音是哪？","とうかくをあらわす","とうかくをあらわし","とうかいをあらわす","とうかくをあらわる","1","正確讀音為「とうかくをあらわす」，表示才能或實力顯現出來。例句中指他年輕時已嶄露頭角。","","","","","","","","","","","","","","","","","","","","","","","","","","","","","","","","","","","","","","","","","",""
"諺","彼は若くして（　）した。","頭角を現す","天をつく","燈台もと暗し","手を抜く","1","填空題關鍵詞為「頭角を現す」，形容才能顯現。例句指年輕時才華已露出。","","","","","","","","","","","","","","","","","","","","","","","","","","","","","","","","","","","","","","","","","",""
"諺","「燈台もと暗し」的正確讀音是？","とうだいもとくらし","とうだいもとくらし","とうだいもとくらい","とうだいもとくらく","2","諺語正確讀音為「とうだいもとくらし」，意指近處反而不易看清。例句說明他未察覺公司問題，即是燈台下暗。","","","","","","","","","","","","","","","","","","","","","","","","","","","","","","","","","","","","","","","","","",""
"諺","彼は会社の問題に気づかず、（　）だった。","燈台もと暗し","手を抜く","頭角を現す","天をつく","1","填空題為核心詞「燈台もと暗し」，意指身邊的事情反而沒察覺。例句符合此意。","","","","","","","","","","","","","","","","","","","","","","","","","","","","","","","","","","","","","","","","","",""
"諺","この諺「とうろうの斧」の読み方は？","とうろうのおの","とうらうのおの","とうろうのき","とろうのあし","1","此諺讀音為「とうろうのおの」，意指燈籠的斧頭，形容誤把別人的東西當作自己的。","","","","","","","","","","","","","","","","","","","","","","","","","","","","","","","","","","","","","","","","","",""
"諺","彼は（　）のように、他人の手柄を自分のものにしている","とうろうの斧","とろうの斧","とうらうの盾","とうろくの斧","1","句中「とうろうの斧」形容借用別人之物或誤認他人東西為己所有。例句意為他像這樣拿別人的功勞當成自己的。","","","","","","","","","","","","","","","","","","","","","","","","","","","","","","","","","","","","","","","","","",""
"諺","この諺「時をかせぐ」の読みは？","ときをかせぐ","ときをかせぐみ","ときをかす","ときをくだく","1","正確讀音為「ときをかせぐ」，意為爭取或賺取時間。","","","","","","","","","","","","","","","","","","","","","","","","","","","","","","","","","","","","","","","","","",""
"諺","試験前に少しでも（　）ことが大切だ","時を稼ぐ","時を借りる","時を取る","時を刻む","1","句中「時をかせぐ」表示在考試前爭取（賺取）一點時間做準備非常重要。","","","","","","","","","","","","","","","","","","","","","","","","","","","","","","","","","","","","","","","","","",""
"諺","この諺「毒をもって毒を制す」の読みは？","どくをもってどくをせいす","どくをもってどくをしょうす","どくをもってどくをおさえす","どくをもってどくをせます","1","讀音正確為「どくをもってどくをせいす」，以同樣的手段對付對方。","","","","","","","","","","","","","","","","","","","","","","","","","","","","","","","","","","","","","","","","","",""
"諺","病気を治すために、まれに（　）こともある","毒をもって毒を制す","毒をもって力を制す","毒をもって毒を抑える","毒をもって毒を殺す","1","句中說為了治病，有時也用「以毒攻毒」的方法。","","","","","","","","","","","","","","","","","","","","","","","","","","","","","","","","","","","","","","","","","",""
"諺","この諺「途方に暮れる」の読みは？","とほうにくれる","とほうにくられる","とほうにくれう","とほうにくれるる","1","正確讀音為「とほうにくれる」，表示陷入迷惘或苦惱的狀態。","","","","","","","","","","","","","","","","","","","","","","","","","","","","","","","","","","","","","","","","","",""
"諺","急な出来事に誰もが（　）","途方に暮れる","途方に泣く","途方に逃げる","途方に疲れる","1","此處形容遇到突如其來的事，大家都陷入了不知所措的狀態。","","","","","","","","","","","","","","","","","","","","","","","","","","","","","","","","","","","","","","","","","",""
"諺","この諺「ない袖は振れぬ」の読み方は？","ないそではふれぬ","ないそではふるぬ","ないそではふれむ","ないそでをふれぬ","1","讀音為「ないそではふれぬ」，指無能為力，因為沒有什麼可動用的資源。","","","","","","","","","","","","","","","","","","","","","","","","","","","","","","","","","","","","","","","","","",""
"諺","お金がないなら、（　）だ","ない袖は振れぬ","ない腕は振れぬ","ない手は振れぬ","ない肩は振れぬ","1","句子中形容沒錢的時候，沒辦法支出，因為「沒有的袖子是無法揮動的」。","","","","","","","","","","","","","","","","","","","","","","","","","","","","","","","","","","","","","","","","","",""
"諺","「長い目で見る」の正確な読み方は？","ながいもくでみる","ながいめでみる","ながいめでみるる","ながいまとでみる","2","「長い目で見る」意為以長遠的眼光看待事情，提醒人不要只看眼前利益。例句意指成功需要時間，必須有長遠的眼光。","","","","","","","","","","","","","","","","","","","","","","","","","","","","","","","","","","","","","","","","","",""
"諺","例句：「成功には時間がかかるから、（　）ことが大切だ。」で正しいのはどれ？","1","2","3","4","2","例句中「長い目で見る」表示因為成功需要時間，因此必須以長遠眼光來看待。填入長遠眼光的諺語最合適。","","","","","","","","","","","","","","","","","","","","","","","","","","","","","","","","","","","","","","","","","",""
"諺","「長い物には巻かれよ」の読みは？","ながいものにはまかれよ","ながいものにはまかけよ","ながいものにはまかれろ","ながいものにはまかよ","1","該諺語比喻應順從強勢勢力，避免無謂的對抗。例句說明在社會中有時也需要採取這種靈活的態度。","","","","","","","","","","","","","","","","","","","","","","","","","","","","","","","","","","","","","","","","","",""
"諺","例句：「社会では、時には（　）という考え方も必要だ。」に入るのはどれ？","1","2","3","4","1","例句中「長い物には巻かれよ」意指在社會中有時候需要順勢而為，避免硬碰硬。","","","","","","","","","","","","","","","","","","","","","","","","","","","","","","","","","","","","","","","","","",""
"諺","「泣き面にはち」の正しい読みはどれ？","なきつらにはち","なきづらにはち","なきつらにはち","なきつらにはちょ","3","這句諺語形容不幸連續發生，例句強調多次挫折的狀態。","","","","","","","","","","","","","","","","","","","","","","","","","","","","","","","","","","","","","","","","","",""
"諺","例句：「悪いことが続くと、本当に（　）。」に入るのはどれ？","1","2","3","4","3","例句指壞事接二連三地發生，符合「泣き面にはち」的含義，即雪上加霜。","","","","","","","","","","","","","","","","","","","","","","","","","","","","","","","","","","","","","","","","","",""
"諺","「なくて七癖」の読みは？","なくてななくせ","なくてななぐせ","なくてななこせ","なくてななくせ","2","該諺語指出人各有不同的習慣和小毛病，無人完美。","","","","","","","","","","","","","","","","","","","","","","","","","","","","","","","","","","","","","","","","","",""
"諺","例句：「彼にも（　）があるけど、みんな同じだ。」で正しいのは？","1","2","3","4","2","例句表達即使他人有小缺點，但大家都一樣，符合「なくて七癖」的意義，表示人無完人。","","","","","","","","","","","","","","","","","","","","","","","","","","","","","","","","","","","","","","","","","",""
"諺","「涙をのむ」の読み方は？","なみだをのみ","なみだをのむ","なみだをのもう","なみだをのめ","2","這句成語描述忍住悲傷，例句多用於形容默默接受痛苦或挫折。","","","","","","","","","","","","","","","","","","","","","","","","","","","","","","","","","","","","","","","","","",""
"諺","例句：「彼は不正をされても、（　）で我慢した。」に適するのは？","1","2","3","4","2","例句中指的是即使被欺負也忍著不哭，正符合「涙をのむ」忍痛忍涙的含義。","","","","","","","","","","","","","","","","","","","","","","","","","","","","","","","","","","","","","","","","","",""
"諺","請選出「名を売る」正確的讀音","なをうる","めいをうる","なめをうる","なをえる","1","「名を売る」的正確讀音為「なをうる」，意指打響頭或讓自己出名。例如句子「彼はプロとして名を売るために全国大会に出場した」翻譯為「他為了以職業選手身份出名參加了全國大會」。","","","","","","","","","","","","","","","","","","","","","","","","","","","","","","","","","","","","","","","","","",""
"諺","彼はプロとして（　）ために全国大会に出場した。","名を売る","名を買う","名を失う","名を隠す","1","此題考察「名を売る」用法，句中「彼はプロとして（　）ために全国大会に出場した」適合填「名を売る」，意即他為了出名而參加比賽。","","","","","","","","","","","","","","","","","","","","","","","","","","","","","","","","","","","","","","","","","",""
"諺","請選出「二階から目薬」正確的讀音","にかいからめぐすり","にがいからめぐすり","にかいからめじゅくり","にかいからめぐしり","1","「二階から目薬」正確讀音為「にかいからめぐすり」，意指做事無效率或無效。例如句子「その企画はまるで二階から目薬のように効果が薄い」翻譯為「那個計畫就像是二樓向眼睛滴藥水一樣效果很差」。","","","","","","","","","","","","","","","","","","","","","","","","","","","","","","","","","","","","","","","","","",""
"諺","その企画はまるで（　）のように効果が薄い。","二階から目薬","一階から目薬","二階から目玉","階から目薬","1","句中「効果が薄い」意指效果不佳，二階から目薬象徵做事效率低，故填「二階から目薬」。","","","","","","","","","","","","","","","","","","","","","","","","","","","","","","","","","","","","","","","","","",""
"諺","請選出「逃げるが勝ち」正確的讀音","にげるがかち","にげるがまさち","にげるがしょう","にげるがかつ","1","「逃げるが勝ち」的正確讀音為「にげるがかち」，意指逃跑是勝利，即明哲保身。例如句子「問題がこじれたら逃げるが勝ちだよ」翻譯為「問題複雜時，逃跑才是贏」。","","","","","","","","","","","","","","","","","","","","","","","","","","","","","","","","","","","","","","","","","",""
"諺","問題がこじれたら（　）だよ。","逃げるが勝ち","立ち向かうが勝ち","耐えるが勝ち","戦うが勝ち","1","句意為問題變嚴重時，逃跑勝過硬拼，故答案為「逃げるが勝ち」。","","","","","","","","","","","","","","","","","","","","","","","","","","","","","","","","","","","","","","","","","",""
"諺","請選出「二足のわらじをはく」正確的讀音","にそくのわらじをはく","にそくのわらじをはくう","にあしのわらじをはく","にそくのわらじをはけ","1","「二足のわらじをはく」讀音為「にそくのわらじをはく」，意指同時兼任兩職。例如例句「彼は教師と作家の二足のわらじをはいている」翻譯為「他同時當教師和作家」。","","","","","","","","","","","","","","","","","","","","","","","","","","","","","","","","","","","","","","","","","",""
"諺","彼は教師と作家の（　）をはいている。","二足のわらじ","二足の草鞋","二足の靴","わらじの二足","1","此句中「教師と作家の（　）をはく」意指同時做兩種工作，填「二足のわらじ」。","","","","","","","","","","","","","","","","","","","","","","","","","","","","","","","","","","","","","","","","","",""
"諺","請選出「二の足を踏む」正確的讀音","にのあしをふむ","にのそくをふむ","にのあしをふんで","にのすそをふむ","1","「二の足を踏む」正確讀音為「にのあしをふむ」，意指猶豫不決。例如句子「あの計画に参加するかどうか、彼は二の足を踏んでいる」翻譯為「他在是否參加那個計畫時猶豫不決」。","","","","","","","","","","","","","","","","","","","","","","","","","","","","","","","","","","","","","","","","","",""
"諺","あの計画に参加するかどうか、彼は（　）している。","二の足を踏む","一の足を踏む","二の目を踏む","二の足を払う","1","句意在猶豫是否參加計畫，對應成語「二の足を踏む」表示猶豫不決。","","","","","","","","","","","","","","","","","","","","","","","","","","","","","","","","","","","","","","","","","",""
"諺","「二の舞を演じる」の読み方は？","にのまいをえんじる","にのまいをえんじる","にのまいをえんじゅる","にのまいをえんじやる","2","「にのまいをえんじる」是正確讀法，表示重蹈覆轍。類似選項如「にのまいをえんじゅる」讀音錯誤。","","","","","","","","","","","","","","","","","","","","","","","","","","","","","","","","","","","","","","","","","",""
"諺","その企画は失敗が続き、まさに（二の舞）を演じた。","二の舞","にのまい","にのぶたい","にまいのえんじ","1","例句意指「那個企劃接連失敗，正是重蹈覆轍。」填入去重蹈覆轍之意的「二の舞」。","","","","","","","","","","","","","","","","","","","","","","","","","","","","","","","","","","","","","","","","","",""
"諺","「抜け目がない」の読み方は？","ぬけめがない","ぬけめがあない","ぬけめがなあい","ぬけまがない","1","「ぬけめがない」是正確讀音，意指沒疏漏，選項錯誤多為假借發音。","","","","","","","","","","","","","","","","","","","","","","","","","","","","","","","","","","","","","","","","","",""
"諺","彼は（　）がないので、詐欺に引っかからない。","抜け目","抜け間","抜け目","ぬけめ","3","例句意指「他很精明，不會被騙。」核心詞為「抜け目」。","","","","","","","","","","","","","","","","","","","","","","","","","","","","","","","","","","","","","","","","","",""
"諺","「ぬれ衣を着る」の読み方は？","ぬれぎぬをきる","ぬれぎぬをきる","ぬれごろもをきる","ぬれいふくをきる","2","正確讀音為「ぬれぎぬをきる」，「ぬれごろも」與「ぬれいふく」為干擾選項。","","","","","","","","","","","","","","","","","","","","","","","","","","","","","","","","","","","","","","","","","",""
"諺","彼は犯人ではないのに、（　）を着せられた。","ぬれ衣","ぬれぎぬ","ぬれごろも","ぬれいふく","2","例句意指「他明明不是犯人，卻被冤枉。」核心為「ぬれ衣」。","","","","","","","","","","","","","","","","","","","","","","","","","","","","","","","","","","","","","","","","","",""
"諺","「ぬれ手であわ」の読み方は？","ぬれてであわ","ぬれてであわ","ぬれてであは","ぬれてであわー","2","「ぬれてであわ」是正確讀音，其他選項多為錯誤或誤讀。","","","","","","","","","","","","","","","","","","","","","","","","","","","","","","","","","","","","","","","","","",""
"諺","彼は（　）のように利益を上げた。","ぬれ手であわ","ぬれて手で泡","ぬれてであ","ぬれて手であわ","1","例句指他像「濕手搓泡沫」般輕鬆賺錢，核心詞「ぬれ手であわ」。","","","","","","","","","","","","","","","","","","","","","","","","","","","","","","","","","","","","","","","","","",""
"諺","「ねこに小判」の読み方は？","ねこにこばん","ねこにしょうばん","ねこにこばん","ねこにしょうはん","3","正確讀音為「ねこにこばん」，同音相近干擾為「しょうばん」。","","","","","","","","","","","","","","","","","","","","","","","","","","","","","","","","","","","","","","","","","",""
"諺","それは（　）に金をやるようなものだ。","ねこに小判","ねこにこばん","ねこに小条","ねこにこばんな","1","例句意指「那就像把錢給貓一樣」，意為對不懂得珍惜的人給予貴重物白費力氣。","","","","","","","","","","","","","","","","","","","","","","","","","","","","","","","","","","","","","","","","","",""
"諺","「ねこの手も借りたい」の正しい讀音はどれか？","ねこのてもかりたい","ねこのあしもかりたい","ねこのてをかりたい","ねこのてもかりたい","1","此諺語的正確讀音為「ねこのてもかりたい」，意思是忙碌到連貓手也想借用。例句意為「工作多到連貓的手都想借」。","","","","","","","","","","","","","","","","","","","","","","","","","","","","","","","","","","","","","","","","","",""
"諺","こんなに仕事が多くて、（　）ほどだ。","ねこの手も借りたい","ねこの目も借りたい","ねこの耳も貸したい","ねの手も借りたい","1","此句意為「工作多到連貓的手都想借」，空格處填「ねこの手も借りたい」最合適。","","","","","","","","","","","","","","","","","","","","","","","","","","","","","","","","","","","","","","","","","",""
"諺","「ねこの額」の正しい讀音はどれか？","ねこのひたい","ねこのあたま","ねこのおでこ","ねこのかお","1","諺語正確讀音為「ねこのひたい」，意指非常狹小，如貓的額頭。例句意為庭院狹小。","","","","","","","","","","","","","","","","","","","","","","","","","","","","","","","","","","","","","","","","","",""
"諺","うちの庭は（　）ほどしかない。","ねこの額","ねこの手","ねこの耳","ねこの口","1","句意為庭院只有小貓額大小，表示非常狹窄，故填「ねこの額」。","","","","","","","","","","","","","","","","","","","","","","","","","","","","","","","","","","","","","","","","","",""
"諺","「寝耳に水」の正しい讀音はどれか？","ねみみにみず","ねみみず","ねみみにみそ","ねみみにむず","1","正確讀音是「ねみみにみず」，形容突然且令人意外的消息，例句為「他突然辭職，令人震驚」。","","","","","","","","","","","","","","","","","","","","","","","","","","","","","","","","","","","","","","","","","",""
"諺","彼の突然の退職は（　）だった。","寝耳に水","寝目に水","寝耳に花","寝耳に虫","1","例句意為「他的突然辭職就像睡耳進水」，表示意外驚訝，故填「寝耳に水」。","","","","","","","","","","","","","","","","","","","","","","","","","","","","","","","","","","","","","","","","","",""
"諺","「根も葉もない」の正しい讀音はどれか？","ねもはもない","ねもははない","ねもはものない","ねのはもない","1","正確讀音為「ねもはもない」，表示謠言毫無根據。例句形容話語沒有事實依據。","","","","","","","","","","","","","","","","","","","","","","","","","","","","","","","","","","","","","","","","","",""
"諺","そんな話は（　）よ。","根も葉もない","根も派もない","根も端もない","根も葉っぱもない","1","句意為「那種話毫無根據」，故填「根も葉もない」。","","","","","","","","","","","","","","","","","","","","","","","","","","","","","","","","","","","","","","","","","",""
"諺","「念を押す」の正しい讀音はどれか？","ねんをおす","ねんをかす","ねんをおく","ねんをうす","1","正確讀音是「ねんをおす」，意思是反覆確認。例句表示因重要承諾故要再確認。","","","","","","","","","","","","","","","","","","","","","","","","","","","","","","","","","","","","","","","","","",""
"諺","大事な約束だから（　）しておく。","念を押して","念を貸して","念を伸ばして","念を押し込んで","1","句意為「因為重要約定要再三確認」，故填「念を押して」。","","","","","","","","","","","","","","","","","","","","","","","","","","","","","","","","","","","","","","","","","",""
"諺","「能あるたかはつめを隠す」の正確讀音はどれか？","のうあるたかはつめをかくす","のうあるたかはつめをひかす","のうあるたかはつめをけす","のうあるたかはつめをさす","1","「能あるたかはつめを隠す」是指有才能的人會低調隱藏自己的本領。例句意為「他其實很厲害，但屬於隱藏實力的類型。」","","","","","","","","","","","","","","","","","","","","","","","","","","","","","","","","","","","","","","","","","",""
"諺","例句：「彼は本当はすごいのに、能あるたかはつめを隠すタイプだ。」中的（　）代表隱藏才能之意。","隠す","出す","見せる","立つ","1","填空題核心詞為「隠す」，意即隱藏，和例句中的「隱藏實力」相符。","","","","","","","","","","","","","","","","","","","","","","","","","","","","","","","","","","","","","","","","","",""
"諺","「のどが鳴る」の正確な読みはどれか？","のどがならる","のどがなる","のどがなめる","のどがのる","2","「のどが鳴る」指的是極度想要某事物的狀態，如饞嘴。例句翻譯為「看到高級料理，口水直流。」","","","","","","","","","","","","","","","","","","","","","","","","","","","","","","","","","","","","","","","","","",""
"諺","例句：高級料理を目の前にして、（　）が鳴った。","のど","はな","みみ","くち","1","核心詞為「のど」，意指喉嚨發出聲響，與「垂涎欲滴」相關。","","","","","","","","","","","","","","","","","","","","","","","","","","","","","","","","","","","","","","","","","",""
"諺","「のどから手が出る」の正確な読みはどれか？","のどからてがでる","のはからてがでる","のどからてがでる","のどかわてがでる","3","「のどから手が出る」形容非常想得到某物，像喉嚨都要伸出手拿東西。例句意為「非常想買新遊戲。」","","","","","","","","","","","","","","","","","","","","","","","","","","","","","","","","","","","","","","","","","",""
"諺","例句：新作ゲームを手に入れたくて、（　）ほどだった。","のどから手が出る","手がのどから出る","のどが手から出る","手が出るのどから","1","核心詞為「のどから手が出る」，形象代表強烈渴望。","","","","","","","","","","","","","","","","","","","","","","","","","","","","","","","","","","","","","","","","","",""
"諺","「のど元過ぎれば熱さを忘れる」の正確な読みはどれか？","のどもとすぎればあつさをわすれる","のどもとすすればあたたかさをわすれる","のどもとすればあつさをわすれる","のどもともりばあつさをわすれる","1","「のど元過ぎれば熱さを忘れる」指痛苦或困難一旦過去，就容易被忘記。例句翻譯為「即使曾經害怕，也會很快忘掉痛苦。」","","","","","","","","","","","","","","","","","","","","","","","","","","","","","","","","","","","","","","","","","",""
"諺","例句：怖い思いをしても、（　）てしまう。","のど元過ぎれば熱さを忘れ","熱さは喉元に残り","冷たさはのど元に残り","喉元過ぎて冷え込む","1","核心詞為「のど元過ぎれば熱さを忘れる」，表達忘記苦痛的觀念。","","","","","","","","","","","","","","","","","","","","","","","","","","","","","","","","","","","","","","","","","",""
"諺","「のれんに腕押し」の正確な読みはどれか？","のれんにうでおし","のれんにかいおし","のれんにうでおけ","のれんにうでおと","1","「のれんに腕押し」表示努力沒有結果，相當於徒勞無功。例句意為「和他談判毫無效果。」","","","","","","","","","","","","","","","","","","","","","","","","","","","","","","","","","","","","","","","","","",""
"諺","例句：交渉しても、彼には（　）だ。","のれんに腕押し","のれんに背押し","暖簾に腕押し","暖簾に背押し","1","核心詞為「のれんに腕押し」，象徵徒勞無功。","","","","","","","","","","","","","","","","","","","","","","","","","","","","","","","","","","","","","","","","","",""
"諺","「歯が立たない」的讀音是？","はがたたない","はがたつない","はがたたる","はがたたな","1","「歯が立たない」指因力量不足而無法咬動，比喻無法對抗對方，正確讀音是「はがたたない」。","","","","","","","","","","","","","","","","","","","","","","","","","","","","","","","","","","","","","","","","","",""
"諺","彼の難問には（　）。","歯が立たない","目が立たない","指が立たない","力が立たない","1","例句中意指「對他的難題無法對抗」，故填「歯が立たない」。","","","","","","","","","","","","","","","","","","","","","","","","","","","","","","","","","","","","","","","","","",""
"諺","「馬脚を現す」的讀音是？","ばきゃくをあらわす","ばきょくをあらわす","ばきゃくをあらす","ばきょくをあらす","1","「馬脚を現す」是指隱藏的缺點暴露，正確讀音為「ばきゃくをあらわす」。","","","","","","","","","","","","","","","","","","","","","","","","","","","","","","","","","","","","","","","","","",""
"諺","彼は嘘をついていたが、ついに（　）。","馬脚を現した","骨格を現した","馬脚を隠した","骨格を隠した","1","句意為他說謊終於露出破綻，因此填「馬脚を現した」。","","","","","","","","","","","","","","","","","","","","","","","","","","","","","","","","","","","","","","","","","",""
"諺","「拍車をかける」的讀音是？","はくしゃをかける","はくしゃをかけろ","はくしょをかける","はくしゃをかけろう","1","「拍車」是用來催馬加速的器具，「拍車をかける」正確讀音是「はくしゃをかける」。","","","","","","","","","","","","","","","","","","","","","","","","","","","","","","","","","","","","","","","","","",""
"諺","景気回復に（　）政策を行う。","拍車をかける","拍車を込める","拍手をかける","拍車を止める","1","例句指政策促進經濟回復，故填「拍車をかける」。","","","","","","","","","","","","","","","","","","","","","","","","","","","","","","","","","","","","","","","","","",""
"諺","「鼻が高い」的讀音是？","はながたかい","はながたかけい","はながたがい","はながたけい","1","「鼻が高い」比喻因榮耀而驕傲，正確讀音為「はながたかい」。","","","","","","","","","","","","","","","","","","","","","","","","","","","","","","","","","","","","","","","","","",""
"諺","彼は有名な教授の息子で、いつも（　）。","鼻が高い","口が高い","目が高い","顔が高い","1","句意指他是名教授的兒子常自豪，故填「鼻が高い」。","","","","","","","","","","","","","","","","","","","","","","","","","","","","","","","","","","","","","","","","","",""
"諺","「話がはずむ」的讀音是？","はなしがはずむ","はなしがはずまる","はなしかはずむ","はなしがはずめ","1","「話がはずむ」指談話順暢、生動，正確讀音為「はなしがはずむ」。","","","","","","","","","","","","","","","","","","","","","","","","","","","","","","","","","","","","","","","","","",""
"諺","友達と久しぶりに会って、（　）。","話がはずんだ","話が止んだ","話が広んだ","話が並んだ","1","例句指與朋友久違相聚談話很熱絡，故填「話がはずんだ」。","","","","","","","","","","","","","","","","","","","","","","","","","","","","","","","","","","","","","","","","","",""
"諺","「話に花が咲く」の読み方はどれ？","はなしにはながさく","はなしにはなたつ","はなしにはなさく","はなしにむながさく","1","本諺語正確讀音為「はなしにはながさく」，表示談話像花一樣綻放，氣氛熱絡。","","","","","","","","","","","","","","","","","","","","","","","","","","","","","","","","","","","","","","","","","",""
"諺","例句：友達と（　）が咲いて、あっという間に時間が過ぎた。","話","花","腰","鼻","2","本句意為「與朋友談話熱絡，時間很快過去了」，「花が咲く」形容談話十分精彩。","","","","","","","","","","","","","","","","","","","","","","","","","","","","","","","","","","","","","","","","","",""
"諺","「話の腰を折る」の読み方はどれ？","はなしのこしをおる","はなしのこしをたつ","はなしのこしをきる","はなしのこしをまげる","1","本諺語正確讀音為「はなしのこしをおる」，表示打斷談話，影響交流。","","","","","","","","","","","","","","","","","","","","","","","","","","","","","","","","","","","","","","","","","",""
"諺","例句：彼は（　）って、みんなの話が続かなかった。","話の腰を折る","話に花が咲く","鼻につく","鼻つまみ","1","本句意為「他打斷談話，大家的話沒法繼續」，暗指打斷談論。","","","","","","","","","","","","","","","","","","","","","","","","","","","","","","","","","","","","","","","","","",""
"諺","「鼻つまみ」の読み方はどれ？","はなつまみ","はなづまみ","はなつみみ","はなつまみい","1","本諺語正確讀音為「はなつまみ」，用以形容令人嫌惡的人或事物。","","","","","","","","","","","","","","","","","","","","","","","","","","","","","","","","","","","","","","","","","",""
"諺","例句：彼の態度は（　）で、誰も近寄りたがらない。","鼻つまみ","鼻につく","話の腰を折る","話に花が咲く","1","本句意為「他的態度令人討厭，沒人願意靠近」，「鼻つまみ」形容令人反感。","","","","","","","","","","","","","","","","","","","","","","","","","","","","","","","","","","","","","","","","","",""
"諺","「鼻につく」の読み方はどれ？","はなにつく","はなつむく","はなにとく","はなにとく","1","本諺語正確讀音為「はなにつく」，表示某事物讓人感到不快或煩躁。","","","","","","","","","","","","","","","","","","","","","","","","","","","","","","","","","","","","","","","","","",""
"諺","例句：彼の自慢話は（　）て、聞きたくない。","鼻につく","鼻つまみ","話に花が咲く","話の腰を折る","1","本句意為「他的自誇話讓人反感，不想聽」，形容令人厭惡。","","","","","","","","","","","","","","","","","","","","","","","","","","","","","","","","","","","","","","","","","",""
"諺","「花よりだんご」の読み方はどれ？","はなよりだんご","はなよりだんぶ","はなゆりだんご","はなよるだんご","1","本諺語正確讀音為「はなよりだんご」，意指重視實質而非外表。","","","","","","","","","","","","","","","","","","","","","","","","","","","","","","","","","","","","","","","","","",""
"諺","例句：彼は（　）で、実用的なものを好む。","花よりだんご","話に花が咲く","鼻につく","鼻つまみ","1","本句意為「他重視實用」，「花よりだんご」形容重實質而忽略外表。","","","","","","","","","","","","","","","","","","","","","","","","","","","","","","","","","","","","","","","","","",""
"諺","「鼻を突く」的讀音是？","はなをつく","はなをつける","はなをつむ","はなをつかう","1","「鼻を突く」直譯是“刺鼻”，指讓人感覺不舒服的氣味或言行。此處的例句意指他的話令人反感。","","","","","","","","","","","","","","","","","","","","","","","","","","","","","","","","","","","","","","","","","",""
"諺","彼の話はあまりに（　）ので、皆が黙り込んだ。","鼻を突く","鼻を取る","鼻を閉じる","鼻を伸ばす","1","此題考察的是諺語核心用法，句中意為“他的話太刺耳，大家都沉默了”。答案為「鼻を突く」。","","","","","","","","","","","","","","","","","","","","","","","","","","","","","","","","","","","","","","","","","",""
"諺","「波紋を投げる」的讀音是？","はもんをなげる","はもんをなげす","はみをなげる","はもをなげる","1","「波紋」意為波浪紋路，象徵影響範圍，「投げる」即拋出。形象比喻行為引發影響。例句是他的發言造成公司大影響。","","","","","","","","","","","","","","","","","","","","","","","","","","","","","","","","","","","","","","","","","",""
"諺","彼の発言は会社に大きな（　）を投げた。","波紋","波文","破紋","破門","1","句意為“他的發言在公司引起了大的影響”，「波紋」指連鎖反應。答案為「波紋」。","","","","","","","","","","","","","","","","","","","","","","","","","","","","","","","","","","","","","","","","","",""
"諺","「腹が黑い」的讀音是？","はらがくろい","ふくがくろい","はらがくろお","はらがこい","1","「腹」代表內心，「黑い」象徵陰暗，表示人心機深重。例句為“他總是笑著，但心機深沉”。","","","","","","","","","","","","","","","","","","","","","","","","","","","","","","","","","","","","","","","","","",""
"諺","彼はいつも笑っているが、（　）人だ。","腹が黑い","腹が白い","腹が痛い","腹が立つ","1","核心詞“腹が黑い”表示心機重，句意“他總是笑但腹黑”。答案為「腹が黑い」。","","","","","","","","","","","","","","","","","","","","","","","","","","","","","","","","","","","","","","","","","",""
"諺","「腹がすわる」的讀音是？","はらがすわる","ふくがすわる","はらがすわり","ふくがすわり","1","「腹」指內心，「すわる」意指穩坐，比喻沉著冷靜。例句說明他遇事冷靜可靠。","","","","","","","","","","","","","","","","","","","","","","","","","","","","","","","","","","","","","","","","","",""
"諺","彼は何があっても（　）ので頼りになる。","腹がすわる","腹が立つ","腹が減る","腹が痛む","1","“腹がすわる”指心境穩定且可靠。句中意為“他無論發生什麼都沉著冷靜”。答案為「腹がすわる」。","","","","","","","","","","","","","","","","","","","","","","","","","","","","","","","","","","","","","","","","","",""
"諺","「腹が太い」的讀音是？","はらがふとい","はらがふとく","ふくがふとい","はらがふくらむ","1","「腹が太い」比喻勇氣強大，不畏艱難。例句表示他不懼困難很有魄力。","","","","","","","","","","","","","","","","","","","","","","","","","","","","","","","","","","","","","","","","","",""
"諺","彼は（　）ので、困難にも物怖じしない。","腹が太い","腹が細い","腹が立つ","腹が黒い","1","句意“他很有魄力不害怕困難”，“腹が太い”即表示氣量大勇敢。答案為「腹が太い」。","","","","","","","","","","","","","","","","","","","","","","","","","","","","","","","","","","","","","","","","","",""
"諺","「腹の皮がよじれる」的讀音是？","はらのかわがよじれる","はらのかわがよぎれる","ふくのかわがよじれる","はらがかわがよじれる","1","此句正確日語讀音是「はらのかわがよじれる」，意指情緒強烈到肚皮像扭曲般難受。例句意為「牙齒疼痛到肚子痛得像要扭曲一樣」","","","","","","","","","","","","","","","","","","","","","","","","","","","","","","","","","","","","","","","","","",""
"諺","虫歯が痛くて、（　）の皮がよじれるほど悩んだ。","腹","手","心","背","1","本句核心詞為「腹」，意為疼痛使肚皮都覺得難受。例句翻譯「牙齒疼痛疼得肚皮都像扭曲一樣難受」。","","","","","","","","","","","","","","","","","","","","","","","","","","","","","","","","","","","","","","","","","",""
"諺","「腹八分に醫者いらず」的讀音是？","ふくはちぶにいしゃいらず","はらはちぶにいしゃいらず","はらはちぶにいしゃいらず","ふくはちぶにいしゃいらず","3","正確讀音為「はらはちぶにいしゃいらず」，語意是「吃飯只到八分飽，醫生不需要」。","","","","","","","","","","","","","","","","","","","","","","","","","","","","","","","","","","","","","","","","","",""
"諺","健康のために（　）に醫者いらずと言われているから、食べ過ぎないようにしている。","腹八分","腹十二分","腹十分","腹七分","1","核心詞是「腹八分」，意思是「飯吃到八分飽就足夠了」。例句意為「為了健康，據說吃到八分飽不需要醫生，所以不過量飲食」。","","","","","","","","","","","","","","","","","","","","","","","","","","","","","","","","","","","","","","","","","",""
"諺","「腹を抱える」的讀音是？","はらをかかえる","ふくをかかえる","はらをたくえる","ふくをだく","1","此諺語正確讀音是「はらをかかえる」，意指笑得抱住肚子。例句表示「因為他的笑話，我捧腹大笑」。","","","","","","","","","","","","","","","","","","","","","","","","","","","","","","","","","","","","","","","","","",""
"諺","彼の冗談に（　）を抱えて笑った。","腹","心","胸","背","1","此句核心詞是「腹」，意即「捧腹大笑」。句意為「我因他的笑話笑到捧腹」。","","","","","","","","","","","","","","","","","","","","","","","","","","","","","","","","","","","","","","","","","",""
"諺","「腹を決める」的讀音是？","はらをきめる","ふくをきめる","はらをけめる","ふくをきめる","1","正確讀音為「はらをきめる」，意為「決定下定決心」。例句是「我下定決心要留學」。","","","","","","","","","","","","","","","","","","","","","","","","","","","","","","","","","","","","","","","","","",""
"諺","留学することに（　）を決めた。","腹","心","意","命","1","核心詞是「腹」，表示「決心」。例句意為「我已下定決心去留學」。","","","","","","","","","","","","","","","","","","","","","","","","","","","","","","","","","","","","","","","","","",""
"諺","「腹を探る」的讀音是？","はらをたぐる","はらをさぐる","ふくをさぐる","はらをさぐる","2","此句正確讀音是「はらをさぐる」，意指試探內心想法。例句表示「我在探察他的真實心情」。","","","","","","","","","","","","","","","","","","","","","","","","","","","","","","","","","","","","","","","","","",""
"諺","彼の本当の（　）を探っている。","腹","心","顔","態度","1","核心詞是「腹」，意為「內心、真心」。句意為「我在探察他的真實想法」。","","","","","","","","","","","","","","","","","","","","","","","","","","","","","","","","","","","","","","","","","",""
"諺","「腹を割る」的正確讀音是？","はらをわる","ふくをわる","はらをかる","ふくをくつ","1","「腹を割る」字面意思是「劃開肚子」，比喻坦誠相見，敞開心扉誠實交談。例句「彼とは腹を割って話そう」意為「和他坦誠相見地談談」。","","","","","","","","","","","","","","","","","","","","","","","","","","","","","","","","","","","","","","","","","",""
"諺","例句：彼とは（　）話そう。","1","2","3","4","1","例句意為「和他坦誠相見地談談」，空格處填入「腹を割って」，表示真心交流。","","","","","","","","","","","","","","","","","","","","","","","","","","","","","","","","","","","","","","","","","",""
"諺","「針の穴から天をのぞく」中「針」的讀音是？","はり","はね","ばり","はる","1","「針の穴から天をのぞく」比喻視野狹小，無法看清全貌。例句「針の穴から天をのぞくような考え方は改めるべきだ」表示不應該用狹隘的眼光看事物。","","","","","","","","","","","","","","","","","","","","","","","","","","","","","","","","","","","","","","","","","",""
"諺","例句：その（　）ような考え方は改めるべきだ。","1","2","3","4","1","空格應填入「針の穴から天をのぞく」，意指不能用狹小視角看待問題。","","","","","","","","","","","","","","","","","","","","","","","","","","","","","","","","","","","","","","","","","",""
"諺","諺語「ひざを打つ」的讀音是？","ひざをふる","ひざをうつ","ひじをうつ","ひじをたたく","2","「ひざを打つ」指的是突然理解或受到啟發，常用表示「恍然大悟」。例句「彼の説明を聞いて思わずひざを打った」意為因聽解釋而豁然開朗。","","","","","","","","","","","","","","","","","","","","","","","","","","","","","","","","","","","","","","","","","",""
"諺","例句：彼の説明を聞いて思わず（　）た。","1","2","3","4","2","空格填「ひざを打っ」，意指因聽懂解釋而突然領悟。","","","","","","","","","","","","","","","","","","","","","","","","","","","","","","","","","","","","","","","","","",""
"諺","「ひざを乗り出す」的正確讀音？","ひざをのりだす","ひざをのりだせ","ひざをのりだる","ひざをはこだす","1","「ひざを乗り出す」形容人身體前傾，表示對談話或事情有濃厚興趣。例句「彼は話にひざを乗り出して聞いていた」說明積極聆聽。","","","","","","","","","","","","","","","","","","","","","","","","","","","","","","","","","","","","","","","","","",""
"諺","例句：彼は話に（　）して聞いていた。","1","2","3","4","1","此處填「ひざを乗り出して」，表示主動關注並投入聽話。","","","","","","","","","","","","","","","","","","","","","","","","","","","","","","","","","","","","","","","","","",""
"諺","諺語「ひざを交える」的讀音是？","ひざをかざえる","ひざをまじえる","ひざをかわらえる","ひざをまぎらせる","2","「ひざを交える」指互相坐近面談，象徵親密且坦誠的交流。例句「仲間たちとひざを交えて語り合った」說明深入交談。","","","","","","","","","","","","","","","","","","","","","","","","","","","","","","","","","","","","","","","","","",""
"諺","例句：仲間たちと（　）語り合った。","1","2","3","4","2","空格應填「ひざを交えて」，表示大家彼此面對面親密交談。","","","","","","","","","","","","","","","","","","","","","","","","","","","","","","","","","","","","","","","","","",""
"諺","「人のうわさも七十五日」的讀音是哪一個？","ひとのうわさもしちじゅうごにち","ひとのうわさもななじゅうごにち","ひとのうわさもしちじゅうににち","ひとのうわさもななじゅうににち","1","「ひとのうわさもしちじゅうごにち」是正確讀音，意指流言不會持久。","","","","","","","","","","","","","","","","","","","","","","","","","","","","","","","","","","","","","","","","","",""
"諺","例句中「人のうわさも七十五日」表示「壞話和流言不會持續很久，所以不必太在意」。","例句：「悪い（　）も人のうわさも七十五日だから、そんなに気にしないでください。」請填入正確的詞。","うわさ","かげぐち","うわずみ","うわずらい","1","","","","","","","","","","","","","","","","","","","","","","","","","","","","","","","","","","","","","","","","","",""
"諺","「人の口に戸は立てられぬ」中「戸」的讀音是？","と","こ","へ","とびら","1","「戸」在此成語中讀作「と」，指門、門扉。","","","","","","","","","","","","","","","","","","","","","","","","","","","","","","","","","","","","","","","","","",""
"諺","彼は（　）の批評を受けたが「人の口に戸は立てられぬ」と割り切った。","言葉","扉","戸","家","3","成語比喻無法阻止他人說話，例句意為「接受他人批評，因為無法封閉他人口」。","","","","","","","","","","","","","","","","","","","","","","","","","","","","","","","","","","","","","","","","","",""
"諺","「一肌脱ぐ」的正確讀音是？","ひとはだぬぐ","ひとはだけぬぐ","ひとかわぬぐ","ひとはだそぐ","1","「一肌脱ぐ」讀作「ひとはだぬぐ」，意指幫忙出力。","","","","","","","","","","","","","","","","","","","","","","","","","","","","","","","","","","","","","","","","","",""
"諺","困っている時に彼は（　）脱いでくれた。","一肌","一色","一膚","一服","1","成語指願意幫忙，例句意為「他在困難時刻甘願幫忙」。","","","","","","","","","","","","","","","","","","","","","","","","","","","","","","","","","","","","","","","","","",""
"諺","下列哪個是「人は見かけによらぬもの」的正確讀音？","ひとはみかけによらぬもの","ひとはみかげによらぬもの","ひとはみかけによらむもの","ひとはみかけにならぬもの","1","正確讀音為「ひとはみかけによらぬもの」，意指不可憑外表判斷人。","","","","","","","","","","","","","","","","","","","","","","","","","","","","","","","","","","","","","","","","","",""
"諺","彼は見かけは弱そうだが（　）だ。","人は見た目で決まる","人は見かけによらぬもの","見かけが全て","外見で判断する","2","此諺語意指「人不可只看外表」，例句說明其貌不揚但實力不容小覷。","","","","","","","","","","","","","","","","","","","","","","","","","","","","","","","","","","","","","","","","","",""
"諺","「人目につく」的正確讀音是？","ひとめにつく","ひとめにたつ","ひとめにみつ","ひとのめにつく","1","成語讀作「ひとめにつく」，意為引起別人注意。","","","","","","","","","","","","","","","","","","","","","","","","","","","","","","","","","","","","","","","","","",""
"諺","新しい服が（　）。","人目についた","人目から外れた","人目を引かない","人間の目に入らない","1","成語表示「被人注意」，例句是「新衣服引人注目」。","","","","","","","","","","","","","","","","","","","","","","","","","","","","","","","","","","","","","","","","","",""
"諺","「人目を忍ぶ」的正確讀音是哪一個？","ひとめをしのぶ","じんもくをしのぶ","ひとめをにんぶ","じんもくをにんぶ","ひとめをしのぶ","「人目を忍ぶ」中的「忍ぶ」讀作「しのぶ」，意為躲避或隱藏，整句意指避開他人目光。","","","","","","","","","","","","","","","","","","","","","","","","","","","","","","","","","","","","","","","","","",""
"諺","秘密に会うために（　）で行動した。","1","2","3","4","1","例句中「人目を忍んで」表示「避開他人目光行動」，匹配填空位置。","","","","","","","","","","","","","","","","","","","","","","","","","","","","","","","","","","","","","","","","","",""
"諺","「人目を引く」的正確讀音是哪一個？","ひとめをひく","ひとめをいんく","じんもくをひく","じんもくをいんく","ひとめをひく","「人目」讀作「ひとめ」，「引く」讀作「ひく」，合起來意為吸引眾人目光。","","","","","","","","","","","","","","","","","","","","","","","","","","","","","","","","","","","","","","","","","",""
"諺","新しい服は（　）デザインだ。","1","2","3","4","1","例句中「人目を引く」表示衣服吸引了眾人目光。","","","","","","","","","","","","","","","","","","","","","","","","","","","","","","","","","","","","","","","","","",""
"諺","「一役買う」的正確讀音是哪一個？","いちやくかう","ひとやくかう","いちえきかう","ひとえきかう","ひとやくかう","「一役」讀作「ひとやく」，「買う」為「かう」，表示幫忙出力。","","","","","","","","","","","","","","","","","","","","","","","","","","","","","","","","","","","","","","","","","",""
"諺","イベントの準備に（　）。","1","2","3","4","2","例句中「一役買った」表示在活動準備中出力幫忙。","","","","","","","","","","","","","","","","","","","","","","","","","","","","","","","","","","","","","","","","","",""
"諺","「火に油を注ぐ」的正確讀音是哪一個？","ひにあぶらをそそぐ","ひにゆをそそぐ","ひにあぶらをたす","ひにえきをそそぐ","ひにあぶらをそそぐ","「油」讀作「あぶら」，「注ぐ」讀作「そそぐ」，整句形容使情況更加惡化。","","","","","","","","","","","","","","","","","","","","","","","","","","","","","","","","","","","","","","","","","",""
"諺","彼の発言は議論に（　）。","1","2","3","4","1","例句中「火に油を注いだ」形容他的發言使議論變得更激烈。","","","","","","","","","","","","","","","","","","","","","","","","","","","","","","","","","","","","","","","","","",""
"諺","「ひのき舞台」的正確讀音是哪一個？","ひのきぶたい","ひのきまいだい","ひのきもたい","ひのきぶた","ひのきぶたい","「舞台」標準讀法為「ぶたい」，形容重要舞台。","","","","","","","","","","","","","","","","","","","","","","","","","","","","","","","","","","","","","","","","","",""
"諺","俳優は（　）で輝いた。","1","2","3","4","1","例句中「ひのき舞台」指重要的大舞台。","","","","","","","","","","","","","","","","","","","","","","","","","","","","","","","","","","","","","","","","","",""
"諺","「火の車」の正しい読み方は？","ひのくるま","ひのしゃ","ひのぐるま","ひのくろま","1","「火の車」（ひのくるま）は支出が収入を大きく上回り、経済的に困窮している状態を意味する。例文「年末は出費が多くて、まさに火の車だ」は「年底花費多，真是入不敷出」。","","","","","","","","","","","","","","","","","","","","","","","","","","","","","","","","","","","","","","","","","",""
"諺","年末は出費が多くて、まさに（　）だ。","火の車","火の鳥","火の手","火の粉","1","「火の車」は経済的に困窮している様子を表し、例文は「年底花費多，真是入不敷出」。","","","","","","","","","","","","","","","","","","","","","","","","","","","","","","","","","","","","","","","","","",""
"諺","最近の噂は本当みたいだ。火のない所に煙は立たない。","「火のない所に煙は立たない」の正しい読み方は？","ひのないところにけむりはたたない","ひのないところにけむりはたつ","ひのないところにけむりはたたぬ","ひのなしところにけむりはたたない","1","","","","","","","","","","","","","","","","","","","","","","","","","","","","","","","","","","","","","","","","","",""
"諺","「火のない所に煙は立たない」（ひのないところにけむりはたたない）は「無風不起浪」の意味。例文「最近の噂は本当みたいだ」は「最近的謠言似乎是真的」。","最近の噂は本当みたいだ。（　）","火のない所に煙は立たない","火のある所に煙は立つ","火の無い所に煙もない","火のない所に涙は流れない","1","","","","","","","","","","","","","","","","","","","","","","","","","","","","","","","","","","","","","","","","","",""
"諺","新プロジェクトの火ぶたを切った。","「火ぶたを切る」の正しい読み方は？","ひぶたをきる","ひのふたをきる","ひぶたをきる","ひのふたをきる","3","","","","","","","","","","","","","","","","","","","","","","","","","","","","","","","","","","","","","","","","","",""
"諺","「火ぶたを切る」（ひぶたをきる）は「開始する」「開戦する」の意。例文「新プロジェクトの火ぶたを切った」は「新專案已經開始」。","新プロジェクトの（　）を切った。","火ぶた","火の車","火の手","火の粉","1","","","","","","","","","","","","","","","","","","","","","","","","","","","","","","","","","","","","","","","","","",""
"諺","実際に現場を見たら、百聞は一見にしかずだと思った。","「百聞は一見にしかず」の正しい読み方は？","ひゃくぶんはいっけんにしかず","ひゃくぶんはいつけんにしかず","ひゃくもんはいっけんにしかず","ひゃくもんはいつけんにしかず","1","","","","","","","","","","","","","","","","","","","","","","","","","","","","","","","","","","","","","","","","","",""
"諺","「百聞は一見にしかず」（ひゃくぶんはいっけんにしかず）は「百聞不如一見」の意味。例文「實際に現場を見たら、百聞は一見にしかずだと思った」は「親眼看到現場後，認為百聞不如一見」。","実際に現場を見たら、（　）だと思った。","百聞は一見にしかず","百聞より一見","一聞百見","一見は百聞に如かず","1","","","","","","","","","","","","","","","","","","","","","","","","","","","","","","","","","","","","","","","","","",""
"諺","わずかだが貧者の一燈として寄付した。","「貧者の一燈」の正しい読み方は？","ひんしゃのいっと","ひんじゃのいっとう","ひんしゃのいっとう","びんじゃのいっとう","2","","","","","","","","","","","","","","","","","","","","","","","","","","","","","","","","","","","","","","","","","",""
"諺","「貧者の一燈」（ひんじゃのいっとう）は「微小な貢献」を意味する。例文「わずかだが貧者の一燈として寄付した」は「雖然少，但作為微薄的貢獻進行了捐款」。","わずかだが（　）として寄付した。","貧者の一燈","貧弱な灯","貧しき荘園","富者の一燈","1","","","","","","","","","","","","","","","","","","","","","","","","","","","","","","","","","","","","","","","","","",""
"諺","請問諺語「貧乏暇なし」的正確讀音是？","びんぼうひまなし","びんぼういまなし","びんぼうひまなり","びんぼうかなし","1","「びんぼうひまなし」意指因貧窮而無閒暇，必須持續工作。例句說明他總是在工作，體現此諺語。","","","","","","","","","","","","","","","","","","","","","","","","","","","","","","","","","","","","","","","","","",""
"諺","例句：「彼はいつも働いていて、まさに（　）だ。」","貧乏暇なし","風前のともしび","覆水盆に返らず","武士は食わねど高ようじ","1","例句意指他總是忙於工作，無閒暇可言，與「貧乏暇なし」的含義相符。","","","","","","","","","","","","","","","","","","","","","","","","","","","","","","","","","","","","","","","","","",""
"諺","請問諺語「風前のともしび」的正確讀音是？","ふうぜんのともしび","ふうぜんのともよび","ふうぜんのともしび","ふうぜんのともしぶ","3","「ふうぜんのともしび」比喻事物如風中燈火般脆弱即將消逝。例句指企業經營非常困難，即將倒閉。","","","","","","","","","","","","","","","","","","","","","","","","","","","","","","","","","","","","","","","","","",""
"諺","例句：「その企業は経営難でまるで（　）のようだ。」","風前のともしび","袋のねずみ","貧乏暇なし","覆水盆に返らず","1","例句說明企業經營陷入危機，正符合此諺語「風前のともしび」的警告意義。","","","","","","","","","","","","","","","","","","","","","","","","","","","","","","","","","","","","","","","","","",""
"諺","請問諺語「覆水盆に返らず」的正確讀音是？","ふくすいぼんにかえらず","ふくみずぼんにかえらず","ふくすいぼんにかえる","ふくすいぼんにかえろう","1","「ふくすいぼんにかえらず」意指已經發生的事無法挽回。例句強調過去的事無法改變，要向前看。","","","","","","","","","","","","","","","","","","","","","","","","","","","","","","","","","","","","","","","","","",""
"諺","例句：「過ぎたことは（　）、前に進むしかない。」","覆水盆に返らず","風前のともしび","袋のねずみ","貧乏暇なし","1","例句表示過去的事情無法回頭，與諺語含義一致。","","","","","","","","","","","","","","","","","","","","","","","","","","","","","","","","","","","","","","","","","",""
"諺","請問諺語「袋のねずみ」的正確讀音是？","ふくろのねずみ","ふくろのねずり","ふくろのねずみ","ふくろのねつみ","3","「ふくろのねずみ」比喻被困住動彈不得的人。例句中犯人像袋鼠一樣無法逃脫。","","","","","","","","","","","","","","","","","","","","","","","","","","","","","","","","","","","","","","","","","",""
"諺","例句：「犯人は（　）のように動けなくなった。」","袋のねずみ","武士は食わねど高ようじ","覆水盆に返らず","風前のともしび","1","例句說明犯人被困住動彈不得，符合「袋のねずみ」的含義。","","","","","","","","","","","","","","","","","","","","","","","","","","","","","","","","","","","","","","","","","",""
"諺","請問諺語「武士は食わねど高ようじ」的正確讀音是？","ぶしはくわねどたかようじ","ぶしはくわねどたかようい","ぶしはくわねどたかようじ","ぶしはくわねどたかようし","3","「ぶしはくわねどたかようじ」表達身份尊嚴比起實際需求更重要。例句說明雖然簡樸，仍維持尊嚴。","","","","","","","","","","","","","","","","","","","","","","","","","","","","","","","","","","","","","","","","","",""
"諺","例句：「彼は質素でも、（　）の精神を持っている。」","武士は食わねど高ようじ","袋のねずみ","風前のともしび","覆水盆に返らず","1","例句表示維持尊嚴的重要性，與諺語內涵相符。","","","","","","","","","","","","","","","","","","","","","","","","","","","","","","","","","","","","","","","","","",""
"諺","豚に真珠の読みは？","ぶたにしんじゅ","とんにしんじゅ","ぶたにしんじょう","とんにしんじょう","1","「豚に真珠」（ぶたにしんじゅ）とは、価値のわからない相手に価値のあるものを与える無駄を意味する。中文意義為「豬拉斯珍珠」，表示浪費。","","","","","","","","","","","","","","","","","","","","","","","","","","","","","","","","","","","","","","","","","",""
"諺","彼に高価なワインをプレゼントしても、まるで（　）だよ。","1","2","3","4","1","例句意為「即使送他昂貴的葡萄酒，也如同豬拉斯珍珠一般，浪費無用。」核心詞為「豚に真珠」。","","","","","","","","","","","","","","","","","","","","","","","","","","","","","","","","","","","","","","","","","",""
"諺","「筆が立つ」の正しい読み方は？","ふでがたつ","ひつがたつ","ふでがた","ひつがた","1","「筆が立つ」（ふでがたつ）は書道や文章を書く技能が高いことを意味する。","","","","","","","","","","","","","","","","","","","","","","","","","","","","","","","","","","","","","","","","","",""
"諺","彼は若いが、すでに（　）作家だ。","1","2","3","4","1","句意為「他雖年輕，卻已是一位文筆流暢的作家。」核心詞為「筆が立つ」。","","","","","","","","","","","","","","","","","","","","","","","","","","","","","","","","","","","","","","","","","",""
"諺","「筆をおく」の正しい読み方は？","ひつをおく","ふでをおく","ふでをおき","ひつをおき","2","「筆をおく」（ふでをおく）は書くことや活動をやめる意味である。","","","","","","","","","","","","","","","","","","","","","","","","","","","","","","","","","","","","","","","","","",""
"諺","その作家は病気のため、とうとう（　）。","1","2","3","4","2","句意為「那位作家因病終於停止寫作。」核心詞為「筆をおく」。","","","","","","","","","","","","","","","","","","","","","","","","","","","","","","","","","","","","","","","","","",""
"諺","「ふに落ちない」の正しい読み方は？","ふにおちない","ふにおきない","ふにならない","ふにうけない","1","「ふに落ちない」（ふにおちない）は、よく理解できず納得できない意味。","","","","","","","","","","","","","","","","","","","","","","","","","","","","","","","","","","","","","","","","","",""
"諺","説明を聞いても、どうも（　）。","1","2","3","4","1","句意「聽了說明後，怎麼也無法理解。」核心詞為「ふに落ちない」。","","","","","","","","","","","","","","","","","","","","","","","","","","","","","","","","","","","","","","","","","",""
"諺","「振り出しにもどる」の正しい読み方は？","ふりだしにもどる","ふりたしにもどる","ふりだしにもどろ","ふりたちに戻る","1","「振り出しにもどる」（ふりだしにもどる）は、計画などが最初の状態に戻ることを意味する。","","","","","","","","","","","","","","","","","","","","","","","","","","","","","","","","","","","","","","","","","",""
"諺","計画が失敗し、また（　）。","1","2","3","4","1","句意「計劃失敗，又回到了原點。」核心詞為「振り出しにもどる」。","","","","","","","","","","","","","","","","","","","","","","","","","","","","","","","","","","","","","","","","","",""
"","","","","","","","","","","","","","","","","","","","","","","","","","","","","","","","","","","","","","","","","","","","","","","","","",""
"","","","","","","","","","","","","","","","","","","","","","","","","","","","","","","","","","","","","","","","","","","","","","","","","",""
"","","","","","","","","","","","","","","","","","","","","","","","","","","","","","","","","","","","","","","","","","","","","","","","","",""
"","","","","","","","","","","","","","","","","","","","","","","","","","","","","","","","","","","","","","","","","","","","","","","","","",""
"","","","","","","","","","","","","","","","","","","","","","","","","","","","","","","","","","","","","","","","","","","","","","","","","",""
"","","","","","","","","","","","","","","","","","","","","","","","","","","","","","","","","","","","","","","","","","","","","","","","","",""
"","","","","","","","","","","","","","","","","","","","","","","","","","","","","","","","","","","","","","","","","","","","","","","","","",""
"","","","","","","","","","","","","","","","","","","","","","","","","","","","","","","","","","","","","","","","","","","","","","","","","",""
"","","","","","","","","","","","","","","","","","","","","","","","","","","","","","","","","","","","","","","","","","","","","","","","","",""
"","","","","","","","","","","","","","","","","","","","","","","","","","","","","","","","","","","","","","","","","","","","","","","","","",""
"","","","","","","","","","","","","","","","","","","","","","","","","","","","","","","","","","","","","","","","","","","","","","","","","",""
"","","","","","","","","","","","","","","","","","","","","","","","","","","","","","","","","","","","","","","","","","","","","","","","","",""
"","","","","","","","","","","","","","","","","","","","","","","","","","","","","","","","","","","","","","","","","","","","","","","","","",""
"","","","","","","","","","","","","","","","","","","","","","","","","","","","","","","","","","","","","","","","","","","","","","","","","",""
"","","","","","","","","","","","","","","","","","","","","","","","","","","","","","","","","","","","","","","","","","","","","","","","","",""
"","","","","","","","","","","","","","","","","","","","","","","","","","","","","","","","","","","","","","","","","","","","","","","","","",""
"","","","","","","","","","","","","","","","","","","","","","","","","","","","","","","","","","","","","","","","","","","","","","","","","",""
"","","","","","","","","","","","","","","","","","","","","","","","","","","","","","","","","","","","","","","","","","","","","","","","","",""
"","","","","","","","","","","","","","","","","","","","","","","","","","","","","","","","","","","","","","","","","","","","","","","","","",""
"","","","","","","","","","","","","","","","","","","","","","","","","","","","","","","","","","","","","","","","","","","","","","","","","",""
"","","","","","","","","","","","","","","","","","","","","","","","","","","","","","","","","","","","","","","","","","","","","","","","","",""
"","","","","","","","","","","","","","","","","","","","","","","","","","","","","","","","","","","","","","","","","","","","","","","","","",""
"","","","","","","","","","","","","","","","","","","","","","","","","","","","","","","","","","","","","","","","","","","","","","","","","",""
"","","","","","","","","","","","","","","","","","","","","","","","","","","","","","","","","","","","","","","","","","","","","","","","","",""
"","","","","","","","","","","","","","","","","","","","","","","","","","","","","","","","","","","","","","","","","","","","","","","","","",""
"","","","","","","","","","","","","","","","","","","","","","","","","","","","","","","","","","","","","","","","","","","","","","","","","",""
"","","","","","","","","","","","","","","","","","","","","","","","","","","","","","","","","","","","","","","","","","","","","","","","","",""
"","","","","","","","","","","","","","","","","","","","","","","","","","","","","","","","","","","","","","","","","","","","","","","","","",""
"","","","","","","","","","","","","","","","","","","","","","","","","","","","","","","","","","","","","","","","","","","","","","","","","",""
"","","","","","","","","","","","","","","","","","","","","","","","","","","","","","","","","","","","","","","","","","","","","","","","","",""
"","","","","","","","","","","","","","","","","","","","","","","","","","","","","","","","","","","","","","","","","","","","","","","","","",""
"","","","","","","","","","","","","","","","","","","","","","","","","","","","","","","","","","","","","","","","","","","","","","","","","",""
"","","","","","","","","","","","","","","","","","","","","","","","","","","","","","","","","","","","","","","","","","","","","","","","","",""
"","","","","","","","","","","","","","","","","","","","","","","","","","","","","","","","","","","","","","","","","","","","","","","","","",""
"","","","","","","","","","","","","","","","","","","","","","","","","","","","","","","","","","","","","","","","","","","","","","","","","",""
"","","","","","","","","","","","","","","","","","","","","","","","","","","","","","","","","","","","","","","","","","","","","","","","","",""
"","","","","","","","","","","","","","","","","","","","","","","","","","","","","","","","","","","","","","","","","","","","","","","","","",""
"","","","","","","","","","","","","","","","","","","","","","","","","","","","","","","","","","","","","","","","","","","","","","","","","",""
"","","","","","","","","","","","","","","","","","","","","","","","","","","","","","","","","","","","","","","","","","","","","","","","","",""
"","","","","","","","","","","","","","","","","","","","","","","","","","","","","","","","","","","","","","","","","","","","","","","","","",""
"","","","","","","","","","","","","","","","","","","","","","","","","","","","","","","","","","","","","","","","","","","","","","","","","",""
"","","","","","","","","","","","","","","","","","","","","","","","","","","","","","","","","","","","","","","","","","","","","","","","","",""
"","","","","","","","","","","","","","","","","","","","","","","","","","","","","","","","","","","","","","","","","","","","","","","","","",""
"","","","","","","","","","","","","","","","","","","","","","","","","","","","","","","","","","","","","","","","","","","","","","","","","",""
"","","","","","","","","","","","","","","","","","","","","","","","","","","","","","","","","","","","","","","","","","","","","","","","","",""
"","","","","","","","","","","","","","","","","","","","","","","","","","","","","","","","","","","","","","","","","","","","","","","","","",""
"","","","","","","","","","","","","","","","","","","","","","","","","","","","","","","","","","","","","","","","","","","","","","","","","",""
"","","","","","","","","","","","","","","","","","","","","","","","","","","","","","","","","","","","","","","","","","","","","","","","","",""
"","","","","","","","","","","","","","","","","","","","","","","","","","","","","","","","","","","","","","","","","","","","","","","","","",""
"","","","","","","","","","","","","","","","","","","","","","","","","","","","","","","","","","","","","","","","","","","","","","","","","",""
"","","","","","","","","","","","","","","","","","","","","","","","","","","","","","","","","","","","","","","","","","","","","","","","","",""
"","","","","","","","","","","","","","","","","","","","","","","","","","","","","","","","","","","","","","","","","","","","","","","","","",""
"","","","","","","","","","","","","","","","","","","","","","","","","","","","","","","","","","","","","","","","","","","","","","","","","",""
"","","","","","","","","","","","","","","","","","","","","","","","","","","","","","","","","","","","","","","","","","","","","","","","","",""
"","","","","","","","","","","","","","","","","","","","","","","","","","","","","","","","","","","","","","","","","","","","","","","","","",""
"","","","","","","","","","","","","","","","","","","","","","","","","","","","","","","","","","","","","","","","","","","","","","","","","",""
"","","","","","","","","","","","","","","","","","","","","","","","","","","","","","","","","","","","","","","","","","","","","","","","","",""
"","","","","","","","","","","","","","","","","","","","","","","","","","","","","","","","","","","","","","","","","","","","","","","","","",""
"","","","","","","","","","","","","","","","","","","","","","","","","","","","","","","","","","","","","","","","","","","","","","","","","",""
"","","","","","","","","","","","","","","","","","","","","","","","","","","","","","","","","","","","","","","","","","","","","","","","","",""
"","","","","","","","","","","","","","","","","","","","","","","","","","","","","","","","","","","","","","","","","","","","","","","","","",""
"","","","","","","","","","","","","","","","","","","","","","","","","","","","","","","","","","","","","","","","","","","","","","","","","",""
"","","","","","","","","","","","","","","","","","","","","","","","","","","","","","","","","","","","","","","","","","","","","","","","","",""
"","","","","","","","","","","","","","","","","","","","","","","","","","","","","","","","","","","","","","","","","","","","","","","","","",""
"","","","","","","","","","","","","","","","","","","","","","","","","","","","","","","","","","","","","","","","","","","","","","","","","",""
"","","","","","","","","","","","","","","","","","","","","","","","","","","","","","","","","","","","","","","","","","","","","","","","","",""
"","","","","","","","","","","","","","","","","","","","","","","","","","","","","","","","","","","","","","","","","","","","","","","","","",""
"","","","","","","","","","","","","","","","","","","","","","","","","","","","","","","","","","","","","","","","","","","","","","","","","",""
"","","","","","","","","","","","","","","","","","","","","","","","","","","","","","","","","","","","","","","","","","","","","","","","","",""
"","","","","","","","","","","","","","","","","","","","","","","","","","","","","","","","","","","","","","","","","","","","","","","","","",""
"","","","","","","","","","","","","","","","","","","","","","","","","","","","","","","","","","","","","","","","","","","","","","","","","",""
"","","","","","","","","","","","","","","","","","","","","","","","","","","","","","","","","","","","","","","","","","","","","","","","","",""
"","","","","","","","","","","","","","","","","","","","","","","","","","","","","","","","","","","","","","","","","","","","","","","","","",""
"","","","","","","","","","","","","","","","","","","","","","","","","","","","","","","","","","","","","","","","","","","","","","","","","",""
"","","","","","","","","","","","","","","","","","","","","","","","","","","","","","","","","","","","","","","","","","","","","","","","","",""
"","","","","","","","","","","","","","","","","","","","","","","","","","","","","","","","","","","","","","","","","","","","","","","","","",""
"","","","","","","","","","","","","","","","","","","","","","","","","","","","","","","","","","","","","","","","","","","","","","","","","",""
"","","","","","","","","","","","","","","","","","","","","","","","","","","","","","","","","","","","","","","","","","","","","","","","","",""
"","","","","","","","","","","","","","","","","","","","","","","","","","","","","","","","","","","","","","","","","","","","","","","","","",""
"","","","","","","","","","","","","","","","","","","","","","","","","","","","","","","","","","","","","","","","","","","","","","","","","",""
"","","","","","","","","","","","","","","","","","","","","","","","","","","","","","","","","","","","","","","","","","","","","","","","","",""
"","","","","","","","","","","","","","","","","","","","","","","","","","","","","","","","","","","","","","","","","","","","","","","","","",""
"","","","","","","","","","","","","","","","","","","","","","","","","","","","","","","","","","","","","","","","","","","","","","","","","",""
"","","","","","","","","","","","","","","","","","","","","","","","","","","","","","","","","","","","","","","","","","","","","","","","","",""
"","","","","","","","","","","","","","","","","","","","","","","","","","","","","","","","","","","","","","","","","","","","","","","","","",""
"","","","","","","","","","","","","","","","","","","","","","","","","","","","","","","","","","","","","","","","","","","","","","","","","",""
"","","","","","","","","","","","","","","","","","","","","","","","","","","","","","","","","","","","","","","","","","","","","","","","","",""
"","","","","","","","","","","","","","","","","","","","","","","","","","","","","","","","","","","","","","","","","","","","","","","","","",""
"","","","","","","","","","","","","","","","","","","","","","","","","","","","","","","","","","","","","","","","","","","","","","","","","",""
"","","","","","","","","","","","","","","","","","","","","","","","","","","","","","","","","","","","","","","","","","","","","","","","","",""
"","","","","","","","","","","","","","","","","","","","","","","","","","","","","","","","","","","","","","","","","","","","","","","","","",""
"","","","","","","","","","","","","","","","","","","","","","","","","","","","","","","","","","","","","","","","","","","","","","","","","",""
"","","","","","","","","","","","","","","","","","","","","","","","","","","","","","","","","","","","","","","","","","","","","","","","","",""
"","","","","","","","","","","","","","","","","","","","","","","","","","","","","","","","","","","","","","","","","","","","","","","","","",""
"","","","","","","","","","","","","","","","","","","","","","","","","","","","","","","","","","","","","","","","","","","","","","","","","",""
"","","","","","","","","","","","","","","","","","","","","","","","","","","","","","","","","","","","","","","","","","","","","","","","","",""
"","","","","","","","","","","","","","","","","","","","","","","","","","","","","","","","","","","","","","","","","","","","","","","","","",""
"","","","","","","","","","","","","","","","","","","","","","","","","","","","","","","","","","","","","","","","","","","","","","","","","",""
"","","","","","","","","","","","","","","","","","","","","","","","","","","","","","","","","","","","","","","","","","","","","","","","","",""
"","","","","","","","","","","","","","","","","","","","","","","","","","","","","","","","","","","","","","","","","","","","","","","","","",""
"","","","","","","","","","","","","","","","","","","","","","","","","","","","","","","","","","","","","","","","","","","","","","","","","",""
"","","","","","","","","","","","","","","","","","","","","","","","","","","","","","","","","","","","","","","","","","","","","","","","","",""
"","","","","","","","","","","","","","","","","","","","","","","","","","","","","","","","","","","","","","","","","","","","","","","","","",""
"","","","","","","","","","","","","","","","","","","","","","","","","","","","","","","","","","","","","","","","","","","","","","","","","",""
"","","","","","","","","","","","","","","","","","","","","","","","","","","","","","","","","","","","","","","","","","","","","","","","","",""
"","","","","","","","","","","","","","","","","","","","","","","","","","","","","","","","","","","","","","","","","","","","","","","","","",""
"","","","","","","","","","","","","","","","","","","","","","","","","","","","","","","","","","","","","","","","","","","","","","","","","",""
"","","","","","","","","","","","","","","","","","","","","","","","","","","","","","","","","","","","","","","","","","","","","","","","","",""
"","","","","","","","","","","","","","","","","","","","","","","","","","","","","","","","","","","","","","","","","","","","","","","","","",""
"","","","","","","","","","","","","","","","","","","","","","","","","","","","","","","","","","","","","","","","","","","","","","","","","",""
"","","","","","","","","","","","","","","","","","","","","","","","","","","","","","","","","","","","","","","","","","","","","","","","","",""
"","","","","","","","","","","","","","","","","","","","","","","","","","","","","","","","","","","","","","","","","","","","","","","","","",""
"","","","","","","","","","","","","","","","","","","","","","","","","","","","","","","","","","","","","","","","","","","","","","","","","",""
"","","","","","","","","","","","","","","","","","","","","","","","","","","","","","","","","","","","","","","","","","","","","","","","","",""
"","","","","","","","","","","","","","","","","","","","","","","","","","","","","","","","","","","","","","","","","","","","","","","","","",""
"","","","","","","","","","","","","","","","","","","","","","","","","","","","","","","","","","","","","","","","","","","","","","","","","",""
"","","","","","","","","","","","","","","","","","","","","","","","","","","","","","","","","","","","","","","","","","","","","","","","","",""
"","","","","","","","","","","","","","","","","","","","","","","","","","","","","","","","","","","","","","","","","","","","","","","","","",""
"","","","","","","","","","","","","","","","","","","","","","","","","","","","","","","","","","","","","","","","","","","","","","","","","",""
"","","","","","","","","","","","","","","","","","","","","","","","","","","","","","","","","","","","","","","","","","","","","","","","","",""
"","","","","","","","","","","","","","","","","","","","","","","","","","","","","","","","","","","","","","","","","","","","","","","","","",""
"","","","","","","","","","","","","","","","","","","","","","","","","","","","","","","","","","","","","","","","","","","","","","","","","",""
"","","","","","","","","","","","","","","","","","","","","","","","","","","","","","","","","","","","","","","","","","","","","","","","","",""
"","","","","","","","","","","","","","","","","","","","","","","","","","","","","","","","","","","","","","","","","","","","","","","","","",""
"","","","","","","","","","","","","","","","","","","","","","","","","","","","","","","","","","","","","","","","","","","","","","","","","",""
"","","","","","","","","","","","","","","","","","","","","","","","","","","","","","","","","","","","","","","","","","","","","","","","","",""
"","","","","","","","","","","","","","","","","","","","","","","","","","","","","","","","","","","","","","","","","","","","","","","","","",""
"","","","","","","","","","","","","","","","","","","","","","","","","","","","","","","","","","","","","","","","","","","","","","","","","",""
"","","","","","","","","","","","","","","","","","","","","","","","","","","","","","","","","","","","","","","","","","","","","","","","","",""
"","","","","","","","","","","","","","","","","","","","","","","","","","","","","","","","","","","","","","","","","","","","","","","","","",""
"","","","","","","","","","","","","","","","","","","","","","","","","","","","","","","","","","","","","","","","","","","","","","","","","",""
"","","","","","","","","","","","","","","","","","","","","","","","","","","","","","","","","","","","","","","","","","","","","","","","","",""
"","","","","","","","","","","","","","","","","","","","","","","","","","","","","","","","","","","","","","","","","","","","","","","","","",""
"","","","","","","","","","","","","","","","","","","","","","","","","","","","","","","","","","","","","","","","","","","","","","","","","",""
"","","","","","","","","","","","","","","","","","","","","","","","","","","","","","","","","","","","","","","","","","","","","","","","","",""
"","","","","","","","","","","","","","","","","","","","","","","","","","","","","","","","","","","","","","","","","","","","","","","","","",""
"","","","","","","","","","","","","","","","","","","","","","","","","","","","","","","","","","","","","","","","","","","","","","","","","",""
"","","","","","","","","","","","","","","","","","","","","","","","","","","","","","","","","","","","","","","","","","","","","","","","","",""
"","","","","","","","","","","","","","","","","","","","","","","","","","","","","","","","","","","","","","","","","","","","","","","","","",""
"","","","","","","","","","","","","","","","","","","","","","","","","","","","","","","","","","","","","","","","","","","","","","","","","",""
"","","","","","","","","","","","","","","","","","","","","","","","","","","","","","","","","","","","","","","","","","","","","","","","","",""
"","","","","","","","","","","","","","","","","","","","","","","","","","","","","","","","","","","","","","","","","","","","","","","","","",""
"","","","","","","","","","","","","","","","","","","","","","","","","","","","","","","","","","","","","","","","","","","","","","","","","",""
"","","","","","","","","","","","","","","","","","","","","","","","","","","","","","","","","","","","","","","","","","","","","","","","","",""
"","","","","","","","","","","","","","","","","","","","","","","","","","","","","","","","","","","","","","","","","","","","","","","","","",""
"","","","","","","","","","","","","","","","","","","","","","","","","","","","","","","","","","","","","","","","","","","","","","","","","",""
"","","","","","","","","","","","","","","","","","","","","","","","","","","","","","","","","","","","","","","","","","","","","","","","","",""
"","","","","","","","","","","","","","","","","","","","","","","","","","","","","","","","","","","","","","","","","","","","","","","","","",""
"","","","","","","","","","","","","","","","","","","","","","","","","","","","","","","","","","","","","","","","","","","","","","","","","",""
"","","","","","","","","","","","","","","","","","","","","","","","","","","","","","","","","","","","","","","","","","","","","","","","","",""
"","","","","","","","","","","","","","","","","","","","","","","","","","","","","","","","","","","","","","","","","","","","","","","","","",""
"","","","","","","","","","","","","","","","","","","","","","","","","","","","","","","","","","","","","","","","","","","","","","","","","",""
"","","","","","","","","","","","","","","","","","","","","","","","","","","","","","","","","","","","","","","","","","","","","","","","","",""
"","","","","","","","","","","","","","","","","","","","","","","","","","","","","","","","","","","","","","","","","","","","","","","","","",""
"","","","","","","","","","","","","","","","","","","","","","","","","","","","","","","","","","","","","","","","","","","","","","","","","",""
"","","","","","","","","","","","","","","","","","","","","","","","","","","","","","","","","","","","","","","","","","","","","","","","","",""
"","","","","","","","","","","","","","","","","","","","","","","","","","","","","","","","","","","","","","","","","","","","","","","","","",""
"","","","","","","","","","","","","","","","","","","","","","","","","","","","","","","","","","","","","","","","","","","","","","","","","",""
"","","","","","","","","","","","","","","","","","","","","","","","","","","","","","","","","","","","","","","","","","","","","","","","","",""
"","","","","","","","","","","","","","","","","","","","","","","","","","","","","","","","","","","","","","","","","","","","","","","","","",""
"","","","","","","","","","","","","","","","","","","","","","","","","","","","","","","","","","","","","","","","","","","","","","","","","",""
"","","","","","","","","","","","","","","","","","","","","","","","","","","","","","","","","","","","","","","","","","","","","","","","","",""
"","","","","","","","","","","","","","","","","","","","","","","","","","","","","","","","","","","","","","","","","","","","","","","","","",""
"","","","","","","","","","","","","","","","","","","","","","","","","","","","","","","","","","","","","","","","","","","","","","","","","",""
"","","","","","","","","","","","","","","","","","","","","","","","","","","","","","","","","","","","","","","","","","","","","","","","","",""
"","","","","","","","","","","","","","","","","","","","","","","","","","","","","","","","","","","","","","","","","","","","","","","","","",""
"","","","","","","","","","","","","","","","","","","","","","","","","","","","","","","","","","","","","","","","","","","","","","","","","",""
"","","","","","","","","","","","","","","","","","","","","","","","","","","","","","","","","","","","","","","","","","","","","","","","","",""
"","","","","","","","","","","","","","","","","","","","","","","","","","","","","","","","","","","","","","","","","","","","","","","","","",""
"","","","","","","","","","","","","","","","","","","","","","","","","","","","","","","","","","","","","","","","","","","","","","","","","",""
"","","","","","","","","","","","","","","","","","","","","","","","","","","","","","","","","","","","","","","","","","","","","","","","","",""
"","","","","","","","","","","","","","","","","","","","","","","","","","","","","","","","","","","","","","","","","","","","","","","","","",""
"","","","","","","","","","","","","","","","","","","","","","","","","","","","","","","","","","","","","","","","","","","","","","","","","",""
"","","","","","","","","","","","","","","","","","","","","","","","","","","","","","","","","","","","","","","","","","","","","","","","","",""
"","","","","","","","","","","","","","","","","","","","","","","","","","","","","","","","","","","","","","","","","","","","","","","","","",""
"","","","","","","","","","","","","","","","","","","","","","","","","","","","","","","","","","","","","","","","","","","","","","","","","",""
"","","","","","","","","","","","","","","","","","","","","","","","","","","","","","","","","","","","","","","","","","","","","","","","","",""
"","","","","","","","","","","","","","","","","","","","","","","","","","","","","","","","","","","","","","","","","","","","","","","","","",""
"","","","","","","","","","","","","","","","","","","","","","","","","","","","","","","","","","","","","","","","","","","","","","","","","",""
"","","","","","","","","","","","","","","","","","","","","","","","","","","","","","","","","","","","","","","","","","","","","","","","","",""
"","","","","","","","","","","","","","","","","","","","","","","","","","","","","","","","","","","","","","","","","","","","","","","","","",""
"","","","","","","","","","","","","","","","","","","","","","","","","","","","","","","","","","","","","","","","","","","","","","","","","",""
"","","","","","","","","","","","","","","","","","","","","","","","","","","","","","","","","","","","","","","","","","","","","","","","","",""
"","","","","","","","","","","","","","","","","","","","","","","","","","","","","","","","","","","","","","","","","","","","","","","","","",""
"","","","","","","","","","","","","","","","","","","","","","","","","","","","","","","","","","","","","","","","","","","","","","","","","",""
"","","","","","","","","","","","","","","","","","","","","","","","","","","","","","","","","","","","","","","","","","","","","","","","","",""
"","","","","","","","","","","","","","","","","","","","","","","","","","","","","","","","","","","","","","","","","","","","","","","","","",""
"","","","","","","","","","","","","","","","","","","","","","","","","","","","","","","","","","","","","","","","","","","","","","","","","",""
"","","","","","","","","","","","","","","","","","","","","","","","","","","","","","","","","","","","","","","","","","","","","","","","","",""
"","","","","","","","","","","","","","","","","","","","","","","","","","","","","","","","","","","","","","","","","","","","","","","","","",""
"","","","","","","","","","","","","","","","","","","","","","","","","","","","","","","","","","","","","","","","","","","","","","","","","",""
"","","","","","","","","","","","","","","","","","","","","","","","","","","","","","","","","","","","","","","","","","","","","","","","","",""
"","","","","","","","","","","","","","","","","","","","","","","","","","","","","","","","","","","","","","","","","","","","","","","","","",""
"","","","","","","","","","","","","","","","","","","","","","","","","","","","","","","","","","","","","","","","","","","","","","","","","",""
"","","","","","","","","","","","","","","","","","","","","","","","","","","","","","","","","","","","","","","","","","","","","","","","","",""
"","","","","","","","","","","","","","","","","","","","","","","","","","","","","","","","","","","","","","","","","","","","","","","","","",""
"","","","","","","","","","","","","","","","","","","","","","","","","","","","","","","","","","","","","","","","","","","","","","","","","",""
"","","","","","","","","","","","","","","","","","","","","","","","","","","","","","","","","","","","","","","","","","","","","","","","","",""
"","","","","","","","","","","","","","","","","","","","","","","","","","","","","","","","","","","","","","","","","","","","","","","","","",""
"","","","","","","","","","","","","","","","","","","","","","","","","","","","","","","","","","","","","","","","","","","","","","","","","",""
"","","","","","","","","","","","","","","","","","","","","","","","","","","","","","","","","","","","","","","","","","","","","","","","","",""
"","","","","","","","","","","","","","","","","","","","","","","","","","","","","","","","","","","","","","","","","","","","","","","","","",""
"","","","","","","","","","","","","","","","","","","","","","","","","","","","","","","","","","","","","","","","","","","","","","","","","",""
"","","","","","","","","","","","","","","","","","","","","","","","","","","","","","","","","","","","","","","","","","","","","","","","","",""
"","","","","","","","","","","","","","","","","","","","","","","","","","","","","","","","","","","","","","","","","","","","","","","","","",""
"","","","","","","","","","","","","","","","","","","","","","","","","","","","","","","","","","","","","","","","","","","","","","","","","",""
"","","","","","","","","","","","","","","","","","","","","","","","","","","","","","","","","","","","","","","","","","","","","","","","","",""
"","","","","","","","","","","","","","","","","","","","","","","","","","","","","","","","","","","","","","","","","","","","","","","","","",""
"","","","","","","","","","","","","","","","","","","","","","","","","","","","","","","","","","","","","","","","","","","","","","","","","",""
"","","","","","","","","","","","","","","","","","","","","","","","","","","","","","","","","","","","","","","","","","","","","","","","","",""
"","","","","","","","","","","","","","","","","","","","","","","","","","","","","","","","","","","","","","","","","","","","","","","","","",""
"","","","","","","","","","","","","","","","","","","","","","","","","","","","","","","","","","","","","","","","","","","","","","","","","",""
"","","","","","","","","","","","","","","","","","","","","","","","","","","","","","","","","","","","","","","","","","","","","","","","","",""
"","","","","","","","","","","","","","","","","","","","","","","","","","","","","","","","","","","","","","","","","","","","","","","","","",""
"","","","","","","","","","","","","","","","","","","","","","","","","","","","","","","","","","","","","","","","","","","","","","","","","",""
"","","","","","","","","","","","","","","","","","","","","","","","","","","","","","","","","","","","","","","","","","","","","","","","","",""
"","","","","","","","","","","","","","","","","","","","","","","","","","","","","","","","","","","","","","","","","","","","","","","","","",""
"","","","","","","","","","","","","","","","","","","","","","","","","","","","","","","","","","","","","","","","","","","","","","","","","",""
"","","","","","","","","","","","","","","","","","","","","","","","","","","","","","","","","","","","","","","","","","","","","","","","","",""
"","","","","","","","","","","","","","","","","","","","","","","","","","","","","","","","","","","","","","","","","","","","","","","","","",""
"","","","","","","","","","","","","","","","","","","","","","","","","","","","","","","","","","","","","","","","","","","","","","","","","",""
"","","","","","","","","","","","","","","","","","","","","","","","","","","","","","","","","","","","","","","","","","","","","","","","","",""
"","","","","","","","","","","","","","","","","","","","","","","","","","","","","","","","","","","","","","","","","","","","","","","","","",""
"","","","","","","","","","","","","","","","","","","","","","","","","","","","","","","","","","","","","","","","","","","","","","","","","",""
"","","","","","","","","","","","","","","","","","","","","","","","","","","","","","","","","","","","","","","","","","","","","","","","","",""
"","","","","","","","","","","","","","","","","","","","","","","","","","","","","","","","","","","","","","","","","","","","","","","","","",""
"","","","","","","","","","","","","","","","","","","","","","","","","","","","","","","","","","","","","","","","","","","","","","","","","",""
"","","","","","","","","","","","","","","","","","","","","","","","","","","","","","","","","","","","","","","","","","","","","","","","","",""
"","","","","","","","","","","","","","","","","","","","","","","","","","","","","","","","","","","","","","","","","","","","","","","","","",""
"","","","","","","","","","","","","","","","","","","","","","","","","","","","","","","","","","","","","","","","","","","","","","","","","",""
"","","","","","","","","","","","","","","","","","","","","","","","","","","","","","","","","","","","","","","","","","","","","","","","","",""
"","","","","","","","","","","","","","","","","","","","","","","","","","","","","","","","","","","","","","","","","","","","","","","","","",""
"","","","","","","","","","","","","","","","","","","","","","","","","","","","","","","","","","","","","","","","","","","","","","","","","",""
"","","","","","","","","","","","","","","","","","","","","","","","","","","","","","","","","","","","","","","","","","","","","","","","","",""
"","","","","","","","","","","","","","","","","","","","","","","","","","","","","","","","","","","","","","","","","","","","","","","","","",""
"","","","","","","","","","","","","","","","","","","","","","","","","","","","","","","","","","","","","","","","","","","","","","","","","",""
"","","","","","","","","","","","","","","","","","","","","","","","","","","","","","","","","","","","","","","","","","","","","","","","","",""
"","","","","","","","","","","","","","","","","","","","","","","","","","","","","","","","","","","","","","","","","","","","","","","","","",""
"","","","","","","","","","","","","","","","","","","","","","","","","","","","","","","","","","","","","","","","","","","","","","","","","",""
"","","","","","","","","","","","","","","","","","","","","","","","","","","","","","","","","","","","","","","","","","","","","","","","","",""
"","","","","","","","","","","","","","","","","","","","","","","","","","","","","","","","","","","","","","","","","","","","","","","","","",""
"","","","","","","","","","","","","","","","","","","","","","","","","","","","","","","","","","","","","","","","","","","","","","","","","",""
"","","","","","","","","","","","","","","","","","","","","","","","","","","","","","","","","","","","","","","","","","","","","","","","","",""
"","","","","","","","","","","","","","","","","","","","","","","","","","","","","","","","","","","","","","","","","","","","","","","","","",""
"","","","","","","","","","","","","","","","","","","","","","","","","","","","","","","","","","","","","","","","","","","","","","","","","",""
"","","","","","","","","","","","","","","","","","","","","","","","","","","","","","","","","","","","","","","","","","","","","","","","","",""
"","","","","","","","","","","","","","","","","","","","","","","","","","","","","","","","","","","","","","","","","","","","","","","","","",""
"","","","","","","","","","","","","","","","","","","","","","","","","","","","","","","","","","","","","","","","","","","","","","","","","",""
"","","","","","","","","","","","","","","","","","","","","","","","","","","","","","","","","","","","","","","","","","","","","","","","","",""
"","","","","","","","","","","","","","","","","","","","","","","","","","","","","","","","","","","","","","","","","","","","","","","","","",""
"","","","","","","","","","","","","","","","","","","","","","","","","","","","","","","","","","","","","","","","","","","","","","","","","",""
"","","","","","","","","","","","","","","","","","","","","","","","","","","","","","","","","","","","","","","","","","","","","","","","","",""
"","","","","","","","","","","","","","","","","","","","","","","","","","","","","","","","","","","","","","","","","","","","","","","","","",""
"","","","","","","","","","","","","","","","","","","","","","","","","","","","","","","","","","","","","","","","","","","","","","","","","",""
"","","","","","","","","","","","","","","","","","","","","","","","","","","","","","","","","","","","","","","","","","","","","","","","","",""
"","","","","","","","","","","","","","","","","","","","","","","","","","","","","","","","","","","","","","","","","","","","","","","","","",""
"","","","","","","","","","","","","","","","","","","","","","","","","","","","","","","","","","","","","","","","","","","","","","","","","",""
"","","","","","","","","","","","","","","","","","","","","","","","","","","","","","","","","","","","","","","","","","","","","","","","","",""
"","","","","","","","","","","","","","","","","","","","","","","","","","","","","","","","","","","","","","","","","","","","","","","","","",""